Date,Value
1/5/2013,72.128914
2/5/2013,73.63159971
3/5/2013,73.63159971
4/5/2013,77.13786636
5/5/2013,81.64592348
6/5/2013,81.64592348
7/5/2013,81.64592348
8/5/2013,83.14860919
9/5/2013,83.14860919
10/5/2013,87.65666632
11/5/2013,89.15935203
12/5/2013,89.15935203
13/5/2013,81.74987297
14/5/2013,81.74987297
15/5/2013,81.74987297
16/5/2013,89.53557516
17/5/2013,81.74987297
18/5/2013,81.74987297
19/5/2013,76.74477871
20/5/2013,82.86211614
21/5/2013,82.86211614
22/5/2013,89.53557516
23/5/2013,90.09169674
24/5/2013,90.09169674
25/5/2013,97.26804906
26/5/2013,103.9136922
27/5/2013,103.9136922
28/5/2013,101.4970947
29/5/2013,102.101244
30/5/2013,102.101244
31/5/2013,119.6215759
1/6/2013,123.2464721
2/6/2013,123.2464721
3/6/2013,126.8713683
4/6/2013,156.7035621
5/6/2013,156.7035621
6/6/2013,124.8973935
7/6/2013,130.327715
8/6/2013,130.327715
9/6/2013,139.6368375
10/6/2013,136.5337967
11/6/2013,136.5337967
12/6/2013,149.7217202
13/6/2013,133.4307558
14/6/2013,133.4307558
15/6/2013,145.067159
16/6/2013,148.0494004
17/6/2013,148.0494004
18/6/2013,120.1699679
19/6/2013,140.3585225
20/6/2013,140.3585225
21/6/2013,165.3538758
22/6/2013,169.1993148
23/6/2013,169.1993148
24/6/2013,142.281242
25/6/2013,181.6969915
26/6/2013,181.6969915
27/6/2013,161.5084369
28/6/2013,170.754179
29/6/2013,170.754179
30/6/2013,162.2694993
1/7/2013,166.5118392
2/7/2013,166.5118392
3/7/2013,180.2994437
4/7/2013,187.7235384
5/7/2013,187.7235384
6/7/2013,198.3293881
7/7/2013,197.2688031
8/7/2013,197.2688031
9/7/2013,181.3600287
10/7/2013,249.7082121
11/7/2013,249.7082121
12/7/2013,196.3851043
13/7/2013,211.9918675
14/7/2013,211.9918675
15/7/2013,213.2924311
16/7/2013,219.7952492
17/7/2013,219.7952492
18/7/2013,219.7952492
19/7/2013,243.205394
20/7/2013,243.205394
21/7/2013,279.6825502
22/7/2013,225.2998321
23/7/2013,225.2998321
24/7/2013,212.8694965
25/7/2013,276.5749663
26/7/2013,276.5749663
27/7/2013,275.0211744
28/7/2013,257.929463
29/7/2013,257.929463
30/7/2013,309.2045972
31/7/2013,287.4515099
1/8/2013,287.4515099
2/8/2013,332.7260031
3/8/2013,317.8555673
4/8/2013,317.8555672
5/8/2013,351.314048
6/8/2013,327.1495897
7/8/2013,327.1495897
8/8/2013,386.6313333
9/8/2013,369.9020929
10/8/2013,369.9020929
11/8/2013,425.6662275
12/8/2013,484.9527656
13/8/2013,484.9527656
14/8/2013,421.8078742
15/8/2013,434.4368525
16/8/2013,434.4368525
17/8/2013,497.5817439
18/8/2013,449.5916264
19/8/2013,449.5916264
20/8/2013,520.3139047
21/8/2013,525.365496
22/8/2013,525.365496
23/8/2013,607.9322986
24/8/2013,467.3888102
25/8/2013,467.3888102
26/8/2013,562.1739535
27/8/2013,545.8316874
28/8/2013,545.8316874
29/8/2013,634.0799243
30/8/2013,702.7174419
31/8/2013,702.7174419
1/9/2013,768.0865063
2/9/2013,604.6638454
3/9/2013,604.6638454
4/9/2013,704.3985918
5/9/2013,821.0781131
6/9/2013,821.0781131
7/9/2013,643.8980992
8/9/2013,834.0425044
9/9/2013,834.0425044
10/9/2013,868.6142144
11/9/2013,898.8644607
12/9/2013,898.8644606
13/9/2013,933.4361707
14/9/2013,1024.579581
15/9/2013,1024.579581
16/9/2013,990.9868074
17/9/2013,845.4181239
18/9/2013,845.4181239
19/9/2013,1080.567536
20/9/2013,1046.974763
21/9/2013,1046.974763
22/9/2013,1237.33381
23/9/2013,1125.3579
24/9/2013,1125.3579
25/9/2013,1265.031076
26/9/2013,1302.020289
27/9/2013,1302.020289
28/9/2013,1242.837548
29/9/2013,1213.246178
30/9/2013,1213.246178
1/10/2013,1279.826761
2/10/2013,1538.75125
3/10/2013,1538.75125
4/10/2013,1560.944778
5/10/2013,1900.662831
6/10/2013,1900.662831
7/10/2013,1467.838622
8/10/2013,1721.887615
9/10/2013,1721.887615
10/10/2013,1665.432283
11/10/2013,1853.616722
12/10/2013,1853.616722
13/10/2013,2427.57926
14/10/2013,2333.487041
15/10/2013,2333.487041
16/10/2013,2382.309675
17/10/2013,2302.45572
18/10/2013,2302.45572
19/10/2013,2874.742402
20/10/2013,2675.107513
21/10/2013,2675.107513
22/10/2013,2808.197439
23/10/2013,2781.579453
24/10/2013,2781.579453
25/10/2013,3867.201912
26/10/2013,3439.672053
27/10/2013,3439.672053
28/10/2013,3051.008544
29/10/2013,3808.902386
30/10/2013,3808.902386
31/10/2013,3692.303334
1/11/2013,4216.99907
2/11/2013,4216.99907
3/11/2013,3886.635088
4/11/2013,3303.639825
5/11/2013,3303.639825
6/11/2013,3911.362076
7/11/2013,3377.99452
8/11/2013,3377.99452
9/11/2013,4266.940446
10/11/2013,4952.698733
11/11/2013,4952.698733
12/11/2013,4774.909547
13/11/2013,4292.338902
14/11/2013,4292.338902
15/11/2013,4978.097188
16/11/2013,5847.426832
17/11/2013,5847.426832
18/11/2013,4696.119995
19/11/2013,4938.500381
20/11/2013,4938.500381
21/11/2013,5029.393026
22/11/2013,4908.202833
23/11/2013,4908.202833
24/11/2013,5453.558703
25/11/2013,4968.79793
26/11/2013,4968.79793
27/11/2013,5514.1538
28/11/2013,6505.60945
29/11/2013,6505.60945
30/11/2013,6857.264015
1/12/2013,5731.969408
2/12/2013,5731.969408
3/12/2013,6224.285799
4/12/2013,6013.29306
5/12/2013,6013.29306
6/12/2013,6751.767646
7/12/2013,6294.616711
8/12/2013,6294.616711
9/12/2013,9076.027624
10/12/2013,7134.389874
11/12/2013,7134.389874
12/12/2013,7495.624804
13/12/2013,9030.873258
14/12/2013,9030.873258
15/12/2013,8714.792694
16/12/2013,8895.410159
17/12/2013,8895.410159
18/12/2013,9753.343119
19/12/2013,9121.181991
20/12/2013,9121.181991
21/12/2013,9744.865734
22/12/2013,9333.937661
23/12/2013,9333.937661
24/12/2013,10097.0898
25/12/2013,10508.01787
26/12/2013,10508.01787
27/12/2013,9627.457714
28/12/2013,8805.601567
29/12/2013,8805.601567
30/12/2013,9920.977766
31/12/2013,11740.80209
1/1/2014,11740.80209
2/1/2014,11493.6341
3/1/2014,10435.93771
4/1/2014,10435.93771
5/1/2014,12480.81739
6/1/2014,13185.94832
7/1/2014,13185.94832
8/1/2014,12762.86976
9/1/2014,14243.64471
10/1/2014,14243.64471
11/1/2014,13397.4876
12/1/2014,18058.64887
13/1/2014,18058.64887
14/1/2014,15211.96531
15/1/2014,17791.77229
16/1/2014,17791.77229
17/1/2014,14500.29442
18/1/2014,16368.43051
19/1/2014,16368.43051
20/1/2014,15300.92417
21/1/2014,16902.18368
22/1/2014,16902.18368
23/1/2014,21375.12675
24/1/2014,16903.79922
25/1/2014,16903.79922
26/1/2014,17558.13983
27/1/2014,18103.42368
28/1/2014,18103.42368
29/1/2014,17449.08306
30/1/2014,20066.44552
31/1/2014,20066.44552
1/2/2014,19412.10491
2/2/2014,21157.01322
3/2/2014,21157.01322
4/2/2014,22283.13349
5/2/2014,21761.8906
6/2/2014,21761.8906
7/2/2014,22804.37638
8/2/2014,19676.91905
9/2/2014,19676.91905
10/2/2014,21761.8906
11/2/2014,21761.8906
12/2/2014,21761.8906
13/2/2014,24889.34793
14/2/2014,23455.92999
15/2/2014,23455.92999
16/2/2014,25824.93977
17/2/2014,25980.5117
18/2/2014,25980.5117
19/2/2014,26602.7994
20/2/2014,26136.08362
21/2/2014,26136.08362
22/2/2014,28314.09059
23/2/2014,28314.09059
24/2/2014,28314.09059
25/2/2014,28158.51867
26/2/2014,28314.09059
27/2/2014,28314.09059
28/2/2014,28072.73751
1/3/2014,28262.41817
2/3/2014,28262.41817
3/3/2014,26365.61158
4/3/2014,30538.58608
5/3/2014,30538.58608
6/3/2014,31676.67003
7/3/2014,33194.1153
8/3/2014,33194.1153
9/3/2014,31297.30871
10/3/2014,31866.35069
11/3/2014,31866.35069
12/3/2014,35706.23191
13/3/2014,29367.84755
14/3/2014,29367.84755
15/3/2014,33382.15765
16/3/2014,37607.74722
17/3/2014,37607.74722
18/3/2014,32748.31921
19/3/2014,35283.67296
20/3/2014,35283.67296
21/3/2014,37185.18827
22/3/2014,43312.29315
23/3/2014,43312.29315
24/3/2014,37582.75087
25/3/2014,39324.9976
26/3/2014,39324.9976
27/3/2014,45547.30735
28/3/2014,42560.59867
29/3/2014,42560.59867
30/3/2014,41813.9215
31/3/2014,44551.73779
1/4/2014,44551.73779
2/4/2014,51769.6171
3/4/2014,50027.37037
4/4/2014,50027.37037
5/4/2014,43198.27922
6/4/2014,44415.13216
7/4/2014,44415.13216
8/4/2014,44110.91892
9/4/2014,53237.31594
10/4/2014,53237.31594
11/4/2014,48674.11743
12/4/2014,60538.43356
13/4/2014,60538.43356
14/4/2014,59321.58062
15/4/2014,45327.77186
16/4/2014,45327.77186
17/4/2014,54119.54337
18/4/2014,56547.98442
19/4/2014,56547.98442
20/4/2014,61404.86652
21/4/2014,53425.70307
22/4/2014,53425.70307
23/4/2014,50997.26202
24/4/2014,56894.90457
25/4/2014,56894.90457
26/4/2014,57935.66502
27/4/2014,57588.74487
28/4/2014,57588.74487
29/4/2014,58067.92463
30/4/2014,66817.88587
1/5/2014,66817.88587
2/5/2014,57272.47361
3/5/2014,60454.2777
4/5/2014,60454.27769
5/5/2014,73976.94507
6/5/2014,64829.25832
7/5/2014,64829.25832
8/5/2014,66022.43485
9/5/2014,70397.41547
10/5/2014,70397.41547
11/5/2014,69096.59676
12/5/2014,74817.97102
13/5/2014,74817.97102
14/5/2014,73057.54817
15/5/2014,80099.23956
16/5/2014,80099.23956
17/5/2014,67776.27963
18/5/2014,77898.711
19/5/2014,77898.711
20/5/2014,78338.81671
21/5/2014,73497.65388
22/5/2014,73497.65388
23/5/2014,87319.1201
24/5/2014,78483.25676
25/5/2014,78483.25676
26/5/2014,67048.61008
27/5/2014,91996.9301
28/5/2014,91996.9301
29/5/2014,84720.33676
30/5/2014,79003.01342
31/5/2014,79003.01342
1/6/2014,93036.44344
2/6/2014,97714.25344
3/6/2014,97714.25344
4/6/2014,75364.71675
5/6/2014,86494.36212
6/6/2014,86494.36212
7/6/2014,87663.20486
8/6/2014,79481.30574
9/6/2014,79481.30574
10/6/2014,85325.51939
11/6/2014,90585.31168
12/6/2014,90585.31168
13/6/2014,102858.1604
14/6/2014,108702.374
15/6/2014,108702.374
16/6/2014,104027.0031
17/6/2014,113768.8429
18/6/2014,113768.8429
19/6/2014,123807.2702
20/6/2014,126484.1841
21/6/2014,126484.1841
22/6/2014,105738.101
23/6/2014,132507.2405
24/6/2014,132507.2405
25/6/2014,114438.0713
26/6/2014,125145.7271
27/6/2014,125145.7271
28/6/2014,145472.7434
29/6/2014,104506.2812
30/6/2014,104506.2812
1/7/2014,116210.9847
2/7/2014,111194.6832
3/7/2014,111194.6832
4/7/2014,127079.6379
5/7/2014,124571.4872
6/7/2014,124571.4872
7/7/2014,135440.1404
8/7/2014,132931.9897
9/7/2014,132931.9897
10/7/2014,125407.5374
11/7/2014,137948.2912
12/7/2014,137948.2912
13/7/2014,124959.9838
14/7/2014,118927.4328
15/7/2014,118927.4328
16/7/2014,147366.6015
17/7/2014,137025.0856
18/7/2014,137025.0856
19/7/2014,146504.8085
20/7/2014,128407.1557
21/7/2014,128407.1557
22/7/2014,125821.7767
23/7/2014,128407.1557
24/7/2014,128407.1557
25/7/2014,130395.0986
26/7/2014,149954.3634
27/7/2014,149954.3634
28/7/2014,138777.6407
29/7/2014,162993.8733
30/7/2014,162993.8733
31/7/2014,142503.215
1/8/2014,157405.5119
2/8/2014,157405.5119
3/8/2014,125738.1308
4/8/2014,122943.9502
5/8/2014,122943.9502
6/8/2014,146228.7892
7/8/2014,157903.3291
8/8/2014,157903.3291
9/8/2014,175557.1175
10/8/2014,178499.4155
11/8/2014,178499.4155
12/8/2014,153980.265
13/8/2014,166730.2233
14/8/2014,166730.2233
15/8/2014,167710.9893
16/8/2014,161826.3932
17/8/2014,161826.3932
18/8/2014,202037.8
19/8/2014,187281.3463
20/8/2014,187281.3463
21/8/2014,190837.3213
22/8/2014,186096.0214
23/8/2014,186096.0214
24/8/2014,158833.5469
25/8/2014,196763.9462
26/8/2014,196763.9462
27/8/2014,214543.8208
28/8/2014,196763.9462
29/8/2014,196763.9462
30/8/2014,231138.3705
31/8/2014,204522.6957
1/9/2014,204522.6957
2/9/2014,216794.0574
3/9/2014,227701.9345
4/9/2014,227701.9345
5/9/2014,229065.4191
6/9/2014,223611.4806
7/9/2014,223611.4806
8/9/2014,179979.9722
9/9/2014,212703.6035
10/9/2014,212703.6035
11/9/2014,219521.0267
12/9/2014,241336.7809
13/9/2014,241336.7809
14/9/2014,219460.9233
15/9/2014,250600.6489
16/9/2014,250600.6489
17/9/2014,274326.1542
18/9/2014,240220.7404
19/9/2014,240220.7404
20/9/2014,259497.7134
21/9/2014,232806.52
22/9/2014,232806.52
23/9/2014,241703.5845
24/9/2014,241703.5845
25/9/2014,241703.5845
26/9/2014,220547.69
27/9/2014,239501.0072
28/9/2014,239501.0072
29/9/2014,261900.3819
30/9/2014,249839.1801
1/10/2014,249839.1801
2/10/2014,242947.0648
3/10/2014,246393.1225
4/10/2014,246393.1225
5/10/2014,275684.6125
6/10/2014,260177.3531
7/10/2014,260177.3531
8/10/2014,247077.5603
9/10/2014,276657.2683
10/10/2014,276657.2683
11/10/2014,257517.4572
12/10/2014,266217.3713
13/10/2014,266217.3713
14/10/2014,255777.4744
15/10/2014,260997.4229
16/10/2014,260997.4229
17/10/2014,294057.0964
18/10/2014,233157.6978
19/10/2014,233157.6978
20/10/2014,243597.5947
21/10/2014,297537.0621
22/10/2014,297537.0621
23/10/2014,291583.5085
24/10/2014,271906.0938
25/10/2014,271906.0938
26/10/2014,266539.5262
27/10/2014,268328.3821
28/10/2014,268328.3821
29/10/2014,309472.0673
30/10/2014,336304.9055
31/10/2014,336304.9055
1/11/2014,293372.3644
2/11/2014,277272.6615
3/11/2014,277272.6615
4/11/2014,314993.4284
5/11/2014,285462.7945
6/11/2014,285462.7945
7/11/2014,307118.5927
8/11/2014,273650.541
9/11/2014,273650.541
10/11/2014,277587.9588
11/11/2014,265775.7052
12/11/2014,265775.7052
13/11/2014,287431.5034
14/11/2014,295306.3392
15/11/2014,295306.3392
16/11/2014,299243.757
17/11/2014,295306.3392
18/11/2014,295306.3392
19/11/2014,274455.5762
20/11/2014,248412.3463
21/11/2014,248412.3463
22/11/2014,282468.8777
23/11/2014,310515.4329
24/11/2014,310515.4329
25/11/2014,286475.5284
26/11/2014,262435.624
27/11/2014,262435.624
28/11/2014,302502.1314
29/11/2014,312518.7583
30/11/2014,312518.7583
1/12/2014,284472.2031
2/12/2014,242402.3702
3/12/2014,242402.3702
4/12/2014,298317.3202
5/12/2014,288373.4095
6/12/2014,288373.4095
7/12/2014,298317.3202
8/12/2014,276440.7167
9/12/2014,276440.7167
10/12/2014,288373.4095
11/12/2014,282407.0631
12/12/2014,282407.0631
13/12/2014,262519.2417
14/12/2014,304283.6666
15/12/2014,304283.6666
16/12/2014,252575.3311
17/12/2014,272641.7557
18/12/2014,272641.7557
19/12/2014,276564.6586
20/12/2014,284410.4645
21/12/2014,284410.4645
22/12/2014,317755.1397
23/12/2014,296179.1734
24/12/2014,296179.1734
25/12/2014,282449.0131
26/12/2014,313832.2367
27/12/2014,313832.2367
28/12/2014,331485.3001
29/12/2014,286371.916
30/12/2014,286371.916
31/12/2014,335365.2901
1/1/2015,323243.6531
2/1/2015,323243.6531
3/1/2015,335365.2901
4/1/2015,339405.8358
5/1/2015,339405.8358
6/1/2015,299000.3791
7/1/2015,272736.8323
8/1/2015,272736.8323
9/1/2015,284858.4693
10/1/2015,296980.1063
11/1/2015,296980.1063
12/1/2015,229513.5336
13/1/2015,330062.3197
14/1/2015,330062.3197
15/1/2015,325690.6334
16/1/2015,299460.5152
17/1/2015,299460.5152
18/1/2015,338805.6924
19/1/2015,262301.1812
20/1/2015,262301.1812
21/1/2015,327876.4765
22/1/2015,271044.5539
23/1/2015,271044.5539
24/1/2015,275416.2403
25/1/2015,277602.0835
26/1/2015,277602.0835
27/1/2015,324166.339
28/1/2015,348786.5672
29/1/2015,348786.5672
30/1/2015,318011.2819
31/1/2015,348786.5672
1/2/2015,348786.5672
2/2/2015,276977.5681
3/2/2015,330321.396
4/2/2015,330321.396
5/2/2015,359044.9957
6/2/2015,352889.9386
7/2/2015,352889.9386
8/2/2015,342533.0607
9/2/2015,331483.6071
10/2/2015,331483.6071
11/2/2015,300545.1371
12/2/2015,309384.7
13/2/2015,309384.7
14/2/2015,296125.3557
15/2/2015,349162.7328
16/2/2015,349162.7328
17/2/2015,355792.405
18/2/2015,362422.0771
19/2/2015,362422.0771
20/2/2015,304964.9185
21/2/2015,333693.4978
22/2/2015,333693.4978
23/2/2015,320255.6249
24/2/2015,362028.0977
25/2/2015,362028.0977
26/2/2015,366669.4836
27/2/2015,313293.5461
28/2/2015,313293.5461
1/3/2015,348103.9401
2/3/2015,357386.7119
3/3/2015,357386.7119
4/3/2015,264558.9945
5/3/2015,366669.4836
6/3/2015,366669.4836
7/3/2015,362028.0977
8/3/2015,311208.0239
9/3/2015,311208.0239
10/3/2015,391367.6664
11/3/2015,313565.6604
12/3/2015,313565.6604
13/3/2015,315923.297
14/3/2015,346572.572
15/3/2015,346572.572
16/3/2015,337142.0259
17/3/2015,332426.7528
18/3/2015,332426.7528
19/3/2015,332426.7528
20/3/2015,337142.0259
21/3/2015,337142.0259
22/3/2015,358360.7548
23/3/2015,387831.1122
24/3/2015,387831.1122
25/3/2015,346028.9564
26/3/2015,399442.8222
27/3/2015,399442.8222
28/3/2015,350673.6404
29/3/2015,329772.5625
30/3/2015,329772.5625
31/3/2015,329772.5625
1/4/2015,341384.2724
2/4/2015,341384.2724
3/4/2015,357640.6663
4/4/2015,371157.0054
5/4/2015,371157.0054
6/4/2015,390820.9527
7/4/2015,292501.2162
8/4/2015,292501.2162
9/4/2015,349035.0647
10/4/2015,336745.0976
11/4/2015,336745.0976
12/4/2015,346577.0713
13/4/2015,388362.9593
14/4/2015,388362.9593
15/4/2015,339203.091
16/4/2015,329371.1174
17/4/2015,329371.1174
18/4/2015,334287.1042
19/4/2015,408026.9066
20/4/2015,408026.9066
21/4/2015,338442.9619
22/4/2015,326609.2919
23/4/2015,326609.2919
24/4/2015,364477.0359
25/4/2015,352643.3659
26/4/2015,352643.3659
27/4/2015,371577.2379
28/4/2015,305308.6859
29/4/2015,305308.6859
30/4/2015,347909.8979
1/5/2015,347909.8979
2/5/2015,347909.8979
3/5/2015,312624.3333
4/5/2015,364728.3889
5/5/2015,364728.3889
6/5/2015,381306.952
7/5/2015,350518.1919
8/5/2015,350518.1919
9/5/2015,305519.2348
10/5/2015,352886.5581
11/5/2015,352886.5581
12/5/2015,383675.3182
13/5/2015,331571.2626
14/5/2015,331571.2626
15/5/2015,303150.8687
16/5/2015,419738.3697
17/5/2015,419738.3697
18/5/2015,329967.7357
19/5/2015,344525.1358
20/5/2015,344525.1358
21/5/2015,344525.1358
22/5/2015,291148.0021
23/5/2015,291148.0021
24/5/2015,349377.6025
25/5/2015,327541.5024
26/5/2015,327541.5024
27/5/2015,320262.8023
28/5/2015,380918.6361
29/5/2015,380918.6361
30/5/2015,356656.3026
31/5/2015,332393.9691
1/6/2015,332393.9691
2/6/2015,335928.1799
3/6/2015,335928.1799
4/6/2015,335928.1799
5/6/2015,380876.3167
6/6/2015,395070.4651
7/6/2015,395070.4651
8/6/2015,383242.0081
9/6/2015,373779.2424
10/6/2015,373779.2424
11/6/2015,321734.0315
12/6/2015,373779.2424
13/6/2015,373779.2424
14/6/2015,370533.2886
15/6/2015,303837.2967
16/6/2015,303837.2967
17/6/2015,380414.1763
18/6/2015,397705.7298
19/6/2015,397705.7298
20/6/2015,301367.0748
21/6/2015,365592.8448
22/6/2015,365592.8448
23/6/2015,373003.5106
24/6/2015,395235.5079
25/6/2015,395235.5079
26/6/2015,316188.4063
27/6/2015,363122.6229
28/6/2015,363122.6229
29/6/2015,351177.61
30/6/2015,356089.185
1/7/2015,356089.185
2/7/2015,397837.5722
3/7/2015,380647.0598
4/7/2015,380647.0598
5/7/2015,417483.872
6/7/2015,363456.5474
7/7/2015,363456.5474
8/7/2015,338898.6726
9/7/2015,383102.8473
10/7/2015,383102.8473
11/7/2015,350384.7518
12/7/2015,368157.8914
13/7/2015,368157.8914
14/7/2015,391009.0709
15/7/2015,345306.7119
16/7/2015,345306.7119
17/7/2015,406243.1905
18/7/2015,363079.8515
19/7/2015,363079.8515
20/7/2015,355462.7917
21/7/2015,373235.9313
22/7/2015,373235.9313
23/7/2015,426555.35
24/7/2015,397611.6003
25/7/2015,397611.6003
26/7/2015,402809.1376
27/7/2015,369025.1454
28/7/2015,369025.1454
29/7/2015,356031.3023
30/7/2015,361228.8395
31/7/2015,361228.8395
1/8/2015,408006.6749
2/8/2015,382018.9886
3/8/2015,382018.9886
4/8/2015,327444.8473
5/8/2015,363827.6082
6/8/2015,363827.6082
7/8/2015,411296.57
8/8/2015,353662.6557
9/8/2015,353662.6557
10/8/2015,442733.2505
11/8/2015,322225.9752
12/8/2015,322225.9752
13/8/2015,351042.9323
14/8/2015,351042.9323
15/8/2015,351042.9323
16/8/2015,385099.3362
17/8/2015,377240.1661
18/8/2015,379859.8895
19/8/2015,398197.9531
20/8/2015,406057.1232
21/8/2015,403437.3998
22/8/2015,412658.0936
23/8/2015,369504.306
24/8/2015,423446.5405
25/8/2015,372201.4177
26/8/2015,418052.317
27/8/2015,401869.6467
28/8/2015,401869.6467
29/8/2015,445023.4343
30/8/2015,388384.0881
31/8/2015,428840.7639
1/9/2015,409960.9819
2/9/2015,415355.2053
3/9/2015,407263.8701
4/9/2015,430369.7695
5/9/2015,427538.3894
6/9/2015,450189.4299
7/9/2015,385067.6885
8/9/2015,393561.8286
9/9/2015,399224.5888
10/9/2015,478503.2305
11/9/2015,489828.7508
12/9/2015,385067.6885
13/9/2015,396393.2087
14/9/2015,450189.4299
15/9/2015,461514.9501
16/9/2015,421875.6293
17/9/2015,399224.5888
18/9/2015,424738.9884
19/9/2015,389344.0727
20/9/2015,353949.157
21/9/2015,389344.0727
22/9/2015,471932.2093
23/9/2015,442436.4463
24/9/2015,427688.5647
25/9/2015,477831.362
26/9/2015,448335.5989
27/9/2015,409991.1069
28/9/2015,510276.7014
29/9/2015,510276.7014
30/9/2015,465548.4317
1/10/2015,377880.2205
2/10/2015,377880.2205
3/10/2015,456479.3064
4/10/2015,447410.1811
5/10/2015,447410.1811
6/10/2015,408110.6381
7/10/2015,414156.7217
8/10/2015,414156.7217
9/10/2015,450433.2228
10/10/2015,453456.2646
11/10/2015,453456.2646
12/10/2015,405087.5964
13/10/2015,459502.3481
14/10/2015,459502.3481
15/10/2015,469115.464
16/10/2015,396478.2309
17/10/2015,396478.2309
18/10/2015,432796.8474
19/10/2015,502407.5292
20/10/2015,384372.0253
21/10/2015,438849.9502
22/10/2015,475168.5668
23/10/2015,466088.9126
24/10/2015,420690.6419
25/10/2015,469115.464
26/10/2015,460035.8099
27/10/2015,478195.1182
28/10/2015,411610.9878
29/10/2015,458010.0135
30/10/2015,507524.6095
31/10/2015,470388.6625
1/11/2015,492051.2982
2/11/2015,448726.0267
3/11/2015,488956.636
4/11/2015,479672.6492
5/11/2015,461104.6757
6/11/2015,423968.7287
7/11/2015,504429.9473
8/11/2015,433252.7154
9/11/2015,454915.3512
10/11/2015,442536.7022
11/11/2015,579380.21
12/11/2015,477906.8399
13/11/2015,546646.8648
14/11/2015,497546.847
15/11/2015,474633.5053
16/11/2015,576106.8755
17/11/2015,527006.8577
18/11/2015,458266.8327
19/11/2015,458266.8327
20/11/2015,520460.1886
21/11/2015,582653.5445
22/11/2015,569560.2064
23/11/2015,523733.5231
24/11/2015,549490.4932
25/11/2015,556720.6312
26/11/2015,585641.1835
27/11/2015,538645.2861
28/11/2015,527800.079
29/11/2015,567565.8383
30/11/2015,542260.3551
1/12/2015,694093.2545
2/12/2015,531415.148
3/12/2015,520569.9409
4/12/2015,527800.079
5/12/2015,621791.8738
6/12/2015,621791.8738
7/12/2015,593762.3031
8/12/2015,625219.9086
9/12/2015,695999.5209
10/12/2015,770711.3338
11/12/2015,688135.1195
12/12/2015,656677.514
13/12/2015,585897.9018
14/12/2015,692067.3202
15/12/2015,758914.7318
16/12/2015,660609.7147
17/12/2015,625219.9086
18/12/2015,629152.1093
19/12/2015,720030.5864
20/12/2015,785065.6071
21/12/2015,715385.2278
22/12/2015,654995.5657
23/12/2015,766484.1726
24/12/2015,692158.4347
25/12/2015,622478.0553
26/12/2015,864036.7037
27/12/2015,905844.9313
28/12/2015,747902.7381
29/12/2015,706094.5105
30/12/2015,803647.0416
31/12/2015,743604.4442
1/1/2016,697129.1664
2/1/2016,707457.0059
3/1/2016,769424.0429
4/1/2016,903685.9565
5/1/2016,841718.9194
6/1/2016,702293.0862
7/1/2016,743604.4442
8/1/2016,903685.9565
9/1/2016,821063.2404
10/1/2016,877866.3577
11/1/2016,877866.3577
12/1/2016,908849.8762
13/1/2016,862135.5394
14/1/2016,743803.2105
15/1/2016,693089.3552
16/1/2016,783247.3201
17/1/2016,783247.3201
18/1/2016,986102.7412
19/1/2016,839596.0482
20/1/2016,822691.4298
21/1/2016,755072.9561
22/1/2016,929754.0131
23/1/2016,1008642.232
24/1/2016,935388.8859
25/1/2016,974832.9956
26/1/2016,978569.9154
27/1/2016,918901.0182
28/1/2016,883099.6798
29/1/2016,1014371.254
30/1/2016,1056139.482
31/1/2016,1068073.261
1/2/2016,1050172.592
2/2/2016,978569.9154
3/2/2016,1038238.813
4/2/2016,1103874.6
5/2/2016,1074040.151
6/2/2016,1139675.938
7/2/2016,1303860.281
8/2/2016,1153414.864
9/2/2016,1210727.404
10/2/2016,1210727.404
11/2/2016,1375500.956
12/2/2016,1139086.729
13/2/2016,1096102.325
14/2/2016,1289532.147
15/2/2016,1060281.987
16/2/2016,1067446.055
17/2/2016,1002969.447
18/2/2016,1289532.147
19/2/2016,1129682.78
20/2/2016,1284099.851
21/2/2016,1024028.995
22/2/2016,1056537.852
23/2/2016,1097173.923
24/2/2016,999647.3525
25/2/2016,1178446.066
26/2/2016,1219082.137
27/2/2016,1064665.066
28/2/2016,1210954.923
29/2/2016,1097173.923
1/3/2016,1040283.424
2/3/2016,1275972.637
3/3/2016,1080919.495
4/3/2016,1235336.566
5/3/2016,1292227.065
6/3/2016,1094688.803
7/3/2016,1220696.147
8/3/2016,1055311.508
9/3/2016,1299450.738
10/3/2016,1267948.902
11/3/2016,1283699.82
12/3/2016,1141941.557
13/3/2016,1189194.311
14/3/2016,1197069.77
15/3/2016,1197069.77
16/3/2016,1338828.033
17/3/2016,1063186.967
18/3/2016,1135311.137
19/3/2016,1110630.46
20/3/2016,1242260.737
21/3/2016,1036588.429
22/3/2016,1225806.952
23/3/2016,1242260.737
24/3/2016,1242260.737
25/3/2016,1192899.383
26/3/2016,1209353.168
27/3/2016,1258714.521
28/3/2016,1168218.706
29/3/2016,1398571.69
30/3/2016,1308075.875
31/3/2016,1028361.537
1/4/2016,1136310.019
2/4/2016,1244135.057
3/4/2016,1219252.356
4/4/2016,1360254.329
5/4/2016,1235840.823
6/4/2016,1285606.226
7/4/2016,1210958.122
8/4/2016,1169486.954
9/4/2016,1343665.862
10/4/2016,1443196.666
11/4/2016,1252429.291
12/4/2016,1260723.524
13/4/2016,1302194.693
14/4/2016,1465554.23
15/4/2016,1287911.293
16/4/2016,1270147
17/4/2016,1358968.468
18/4/2016,1199089.825
19/4/2016,1332322.028
20/4/2016,1465554.23
21/4/2016,1341204.175
22/4/2016,1270147
23/4/2016,1279029.147
24/4/2016,1172443.384
25/4/2016,1128032.65
26/4/2016,1341204.175
27/4/2016,1145796.944
28/4/2016,1207843.183
29/4/2016,1403229.58
30/4/2016,1296655.182
1/5/2016,1376585.981
2/5/2016,1394348.38
3/5/2016,1341061.181
4/5/2016,1492041.579
5/5/2016,1385467.181
6/5/2016,1438754.38
7/5/2016,1332179.981
8/5/2016,1447635.58
9/5/2016,1536447.578
10/5/2016,1403229.58
11/5/2016,1284309.113
12/5/2016,1342247.87
13/5/2016,1467781.843
14/5/2016,1390530.167
15/5/2016,1342247.87
16/5/2016,1361560.789
17/5/2016,1361560.789
18/5/2016,1487094.762
19/5/2016,1168431.599
20/5/2016,1438812.464
21/5/2016,1361560.789
22/5/2016,1776788.547
23/5/2016,1747819.168
24/5/2016,1456454.923
25/5/2016,1377192.07
26/5/2016,1357376.357
27/5/2016,1377192.07
28/5/2016,1317744.93
29/5/2016,1456454.923
30/5/2016,1436639.21
31/5/2016,1258297.79
1/6/2016,1426731.353
2/6/2016,1367284.213
3/6/2016,1406915.64
4/6/2016,1179034.937
5/6/2016,1694243.482
6/6/2016,1684335.625
7/6/2016,1406915.64
8/6/2016,1403462.34
9/6/2016,1608133.931
10/6/2016,1403462.34
11/6/2016,1520417.535
12/6/2016,1422954.872
13/6/2016,1569148.866
14/6/2016,1296253.41
15/6/2016,1500925
16/6/2016,1452193.671
17/6/2016,1452193.67
18/6/2016,1549656.33
19/6/2016,1725089.126
20/6/2016,1598387.66
21/6/2016,1551383.97
22/6/2016,1343144.516
23/6/2016,1457676.21
24/6/2016,1353556.48
25/6/2016,1728387.516
26/6/2016,1530560.02
27/6/2016,1530560.02
28/6/2016,1551383.975
29/6/2016,1520148.05
30/6/2016,1561795.94
1/7/2016,1634679.759
2/7/2016,1551383.97
3/7/2016,1603443.84
4/7/2016,1601825.836
5/7/2016,1538177.12
6/7/2016,1485136.53
7/7/2016,1463920.3
8/7/2016,1538177.12
9/7/2016,1580609.59
10/7/2016,1654866.426
11/7/2016,1516960.89
12/7/2016,1516960.89
13/7/2016,1379055.355
14/7/2016,1506352.77
15/7/2016,1432095.94
16/7/2016,1665474.544
17/7/2016,1580609.59
18/7/2016,1581302.69
19/7/2016,1358434.534
20/7/2016,1591915.46
21/7/2016,1411498.38
22/7/2016,1369047.303
23/7/2016,1390272.84
24/7/2016,1337208.99
25/7/2016,1400885.613
26/7/2016,1369047.3
27/7/2016,1358434.53
28/7/2016,1453949.462
29/7/2016,1560077.15
30/7/2016,1262919.6
31/7/2016,1634366.548
1/8/2016,1623753.77
2/8/2016,1555605.72
3/8/2016,1686075.879
4/8/2016,1535533.39
5/8/2016,1696112.04
6/8/2016,1676039.713
7/8/2016,1485352.56
8/8/2016,1495388.72
9/8/2016,1254520.743
10/8/2016,1525497.22
11/8/2016,1505424.89
12/8/2016,1495388.726
13/8/2016,1645931.21
14/8/2016,1645931.21
15/8/2016,1577645.903
16/8/2016,1469587.96
17/8/2016,1329112.64
18/8/2016,1664092.254
19/8/2016,1664092.25
20/8/2016,1685703.84
21/8/2016,1761344.399
22/8/2016,1718121.22
23/8/2016,1588451.69
24/8/2016,1653286.46
25/8/2016,1404753.2
26/8/2016,1426364.78
27/8/2016,1556034.316
28/8/2016,1642480.66
29/8/2016,1635101.52
30/8/2016,1810682.895
31/8/2016,1481467.82
1/9/2016,1547310.83
2/9/2016,1678996.866
3/9/2016,1382703.3
4/9/2016,1964316.59
5/9/2016,1536337.002
6/9/2016,1492441.65
7/9/2016,1668023.03
8/9/2016,1580232.344
9/9/2016,1569258.5
10/9/2016,1700944.53
11/9/2016,1799709.059
12/9/2016,1829872.71
13/9/2016,1863551.35
14/9/2016,1751289.223
15/9/2016,1728836.79
16/9/2016,1571669.81
17/9/2016,1829872.714
18/9/2016,1627800.88
19/9/2016,1493086.32
20/9/2016,1717610.584
21/9/2016,1863551.35
22/9/2016,1582896.02
23/9/2016,1526764.964
24/9/2016,1874777.56
25/9/2016,2230413.26
26/9/2016,1834694.782
27/9/2016,2026558.28
28/9/2016,1774737.43
29/9/2016,1714780.091
30/9/2016,1702788.62
1/10/2016,1882660.65
2/10/2016,1690797.152
3/10/2016,1822703.31
4/10/2016,1894652.12
5/10/2016,2002575.351
6/10/2016,1930626.53
7/10/2016,1726771.55
8/10/2016,2171858.804
9/10/2016,2056197.68
10/10/2016,1606404.44
11/10/2016,1786321.738
12/10/2016,1863429.15
13/10/2016,1644958.14
14/10/2016,1747768.032
15/10/2016,1824875.44
16/10/2016,1670660.61
17/10/2016,1606404.441
18/10/2016,1991941.5
19/10/2016,1619255.67
20/10/2016,1722065.561
21/10/2016,2107602.62
22/10/2016,1878507.28
23/10/2016,1815470.125
24/10/2016,1802862.69
25/10/2016,1752432.96
26/10/2016,1752432.968
27/10/2016,2042403.89
28/10/2016,1916329.57
29/10/2016,1878507.282
30/10/2016,2130655.91
31/10/2016,1853292.41
1/11/2016,1815470.125
2/11/2016,1676788.37
3/11/2016,1966759.3
4/11/2016,1462462.045
5/11/2016,1885928.48
6/11/2016,1949214.67
7/11/2016,1847956.772
8/11/2016,2139073.24
9/11/2016,1860614.01
10/11/2016,2126416.012
11/11/2016,2063129.82
12/11/2016,2126416.01
13/11/2016,1809985.057
14/11/2016,2177044.96
15/11/2016,1974529.15
16/11/2016,2177044.964
17/11/2016,2012500.86
18/11/2016,2073243.13
19/11/2016,1989192.74
20/11/2016,1807083.54
21/11/2016,1961175.94
22/11/2016,1877125.543
23/11/2016,2059234.73
24/11/2016,2297377.53
25/11/2016,2129276.735
26/11/2016,2157293.53
27/11/2016,2017209.53
28/11/2016,2297377.53
29/11/2016,2115268.33
30/11/2016,1989192.73
1/12/2016,2045226.338
2/12/2016,2052749.31
3/12/2016,2451895.01
4/12/2016,2109770.131
5/12/2016,2166790.94
6/12/2016,2138280.53
7/12/2016,2494660.628
8/12/2016,2238066.96
9/12/2016,1924452.48
10/12/2016,1881686.874
11/12/2016,2223811.75
12/12/2016,2223811.75
13/12/2016,2537426.239
14/12/2016,1981473.29
15/12/2016,1958064.63
16/12/2016,2050571.629
17/12/2016,2235585.61
18/12/2016,2173914.28
19/12/2016,2343510.433
20/12/2016,2127660.78
21/12/2016,2451435.25
22/12/2016,2451435.255
23/12/2016,2343510.43
24/12/2016,2112242.95
25/12/2016,2574777.91
26/12/2016,2189332.11
27/12/2016,2405181.75
28/12/2016,2589949.671
29/12/2016,2368856.4
30/12/2016,2479403.03
31/12/2016,2337271.654
1/1/2017,2463610.66
2/1/2017,2526780.16
3/1/2017,2589949.671
4/1/2017,2432025.91
5/1/2017,2210932.64
6/1/2017,2542572.542
7/1/2017,2195140.26
8/1/2017,2637326.79
9/1/2017,2147763.141
10/1/2017,2679581.83
11/1/2017,2562350.13
12/1/2017,2897297.864
13/1/2017,2528855.36
14/1/2017,2880550.47
15/1/2017,2796813.545
16/1/2017,2830308.31
17/1/2017,2646087.06
18/1/2017,2528855.361
19/1/2017,2914045.251
20/1/2017,3165256.048
21/1/2017,3031276.956
22/1/2017,3398969.892
23/1/2017,2715269.052
24/1/2017,2910612.149
25/1/2017,2930146.459
26/1/2017,3066886.627
27/1/2017,3320832.653
28/1/2017,2969215.078
29/1/2017,3262229.724
30/1/2017,2852009.22
31/1/2017,2832474.91
1/2/2017,3750587.467
2/2/2017,3066886.627
3/2/2017,2910612.149
4/2/2017,3043000.843
5/2/2017,3336807.821
6/2/2017,2623276.589
7/2/2017,3168918.119
8/2/2017,3063987.056
9/2/2017,3546669.948
10/2/2017,3105959.481
11/2/2017,2917083.567
12/2/2017,2959055.992
13/2/2017,3420752.672
14/2/2017,3546669.948
15/2/2017,2917083.567
16/2/2017,3189904.332
17/2/2017,3168918.119
18/2/2017,3330515.744
19/2/2017,2936112.564
20/2/2017,3242870.593
21/2/2017,3023757.715
22/2/2017,3045669.003
23/2/2017,3286693.168
24/2/2017,3637273.773
25/2/2017,3659185.061
26/2/2017,3900209.227
27/2/2017,3155225.442
28/2/2017,3352427.032
1/3/2017,3155225.442
2/3/2017,3440072.183
3/3/2017,3458650.323
4/3/2017,3069265.85
5/3/2017,3367030.447
6/3/2017,3252505.602
7/3/2017,3504460.261
8/3/2017,3252505.602
9/3/2017,3389935.416
10/3/2017,3573175.168
11/3/2017,3412840.385
12/3/2017,3550270.199
13/3/2017,3321220.509
14/3/2017,3573175.168
15/3/2017,3252505.602
16/3/2017,3504460.261
17/3/2017,3641704.837
18/3/2017,3712647.139
19/3/2017,3925474.045
20/3/2017,3216051.025
21/3/2017,3357935.629
22/3/2017,3807236.875
23/3/2017,3499820.233
24/3/2017,4161948.385
25/3/2017,3145108.723
26/3/2017,3925474.045
27/3/2017,3121461.289
28/3/2017,3665352.271
29/3/2017,3263345.893
30/3/2017,4073274.033
31/3/2017,3352999.966
1/4/2017,3278488.856
2/4/2017,3924251.812
3/4/2017,4371318.475
4/4/2017,3104629.598
5/4/2017,4023599.96
6/4/2017,3651044.408
7/4/2017,4023599.96
8/4/2017,3402674.04
9/4/2017,3949088.849
10/4/2017,3675881.445
11/4/2017,4147785.144
12/4/2017,3526859.224
13/4/2017,3287972.007
14/4/2017,3598646.527
15/4/2017,3909321.047
16/4/2017,3779873.33
17/4/2017,3572756.984
18/4/2017,3779873.33
19/4/2017,3702204.7
20/4/2017,3598646.527
21/4/2017,4323553.741
22/4/2017,3753983.787
23/4/2017,3961100.134
24/4/2017,3210303.377
25/4/2017,3831652.417
26/4/2017,3961100.134
27/4/2017,3814281.634
28/4/2017,3528859.199
29/4/2017,4488916.48
30/4/2017,3918071.61
1/5/2017,3892124.116
2/5/2017,4099704.069
3/5/2017,3425069.222
4/5/2017,4359179.01
5/5/2017,3347226.74
6/5/2017,4359179.01
7/5/2017,4333231.516
8/5/2017,4670548.939
9/5/2017,4021861.587
10/5/2017,4119773.002
11/5/2017,3757901.049
12/5/2017,4286790.827
13/5/2017,4398136.043
14/5/2017,4565153.868
15/5/2017,4732171.692
16/5/2017,3674392.137
17/5/2017,4314627.131
18/5/2017,3952755.178
19/5/2017,4565153.868
20/5/2017,4592990.172
21/5/2017,4091936.698
22/5/2017,4064100.394
23/5/2017,4976737.782
24/5/2017,4562009.633
25/5/2017,4828620.586
26/5/2017,4532386.194
27/5/2017,4976737.782
28/5/2017,4887867.464
29/5/2017,4473139.316
30/5/2017,5302595.613
31/5/2017,4858244.025
1/6/2017,5035984.66
2/6/2017,4325022.12
3/6/2017,5687700.322
4/6/2017,5432357.042
5/6/2017,5533581.086
6/6/2017,5094943.561
7/6/2017,5567322.434
8/6/2017,5567322.434
9/6/2017,5094943.561
10/6/2017,4757530.08
11/6/2017,4926236.821
12/6/2017,4959978.169
13/6/2017,4757530.08
14/6/2017,4723788.732
15/6/2017,5162426.257
16/6/2017,4993719.517
17/6/2017,5129905.644
18/6/2017,5129905.644
19/6/2017,5342177.602
20/6/2017,4882255.027
21/6/2017,4953012.346
22/6/2017,4917633.687
23/6/2017,5660585.539
24/6/2017,5165284.304
25/6/2017,4316196.473
26/6/2017,5023769.665
27/6/2017,4634604.41
28/6/2017,5554449.56
29/6/2017,4245439.154
30/6/2017,5448313.581
1/7/2017,6622798.791
2/7/2017,6622798.791
3/7/2017,5988701.034
4/7/2017,5389830.931
5/7/2017,5248920.318
6/7/2017,5002326.746
7/7/2017,5213692.665
8/7/2017,5812562.768
9/7/2017,4861416.134
10/7/2017,6939847.669
11/7/2017,6094383.994
12/7/2017,6235294.606
13/7/2017,5530741.543
14/7/2017,5559049.844
15/7/2017,5079131.872
16/7/2017,6518885.788
17/7/2017,5918988.323
18/7/2017,6598872.117
19/7/2017,5958981.488
20/7/2017,6478892.624
21/7/2017,6158947.309
22/7/2017,6398906.295
23/7/2017,6878824.267
24/7/2017,7118783.254
25/7/2017,5918988.323
26/7/2017,5878995.159
27/7/2017,6585327.485
28/7/2017,6414280.018
29/7/2017,6713613.086
30/7/2017,6285994.418
31/7/2017,6200470.684
1/8/2017,6371518.151
2/8/2017,6499803.752
3/8/2017,5901137.617
4/8/2017,7654374.155
5/8/2017,7568850.421
6/8/2017,5986661.35
7/8/2017,6542565.619
8/8/2017,7012946.153
9/8/2017,6333394.737
10/8/2017,6149818.078
11/8/2017,6608759.726
12/8/2017,6195712.243
13/8/2017,6792336.385
14/8/2017,5966241.419
15/8/2017,6975913.044
16/8/2017,5966241.419
17/8/2017,8215055.493
18/8/2017,6838230.55
19/8/2017,6930018.879
20/8/2017,5966241.419
21/8/2017,5277828.948
22/8/2017,4084580.664
23/8/2017,7297172.197
24/8/2017,4459277.508
25/8/2017,4459277.508
26/8/2017,4635882.557
27/8/2017,6843445.68
28/8/2017,5695512.856
29/8/2017,6578538.105
30/8/2017,7417412.092
31/8/2017,7196655.78
1/9/2017,7682319.667
2/9/2017,7240807.042
3/9/2017,6799294.418
4/9/2017,7726470.929
5/9/2017,8697798.703
6/9/2017,7430760.766
7/9/2017,8072925.277
8/9/2017,8027056.383
9/9/2017,7751843.021
10/9/2017,6329907.319
11/9/2017,7981187.489
12/9/2017,8623352
13/9/2017,8715089.787
14/9/2017,7981187.489
15/9/2017,8256400.851
16/9/2017,7751843.021
17/9/2017,8072925.277
18/9/2017,6965995.452
19/9/2017,8556655.83
20/9/2017,6417491.873
21/9/2017,9653662.988
22/9/2017,7624199.746
23/9/2017,9105159.409
24/9/2017,7953301.894
25/9/2017,6856294.736
26/9/2017,7569349.388
27/9/2017,8063002.609
28/9/2017,9708513.346
29/9/2017,9269710.483
30/9/2017,7569349.388
1/10/2017,7130546.525
2/10/2017,8380132.04
3/10/2017,10223761.09
4/10/2017,7486251.289
5/10/2017,6983443.366
6/10/2017,8882939.962
7/10/2017,8827072.415
8/10/2017,10167893.54
9/10/2017,8994675.056
10/10/2017,8938807.509
11/10/2017,7765589.023
12/10/2017,8547734.68
13/10/2017,7597986.383
14/10/2017,7877324.117
15/10/2017,11601113.07
16/10/2017,10351762.43
17/10/2017,9756833.552
18/10/2017,8983426.015
19/10/2017,10589733.98
20/10/2017,10649226.87
21/10/2017,9102411.79
22/10/2017,10827705.53
23/10/2017,10173283.77
24/10/2017,9935312.215
25/10/2017,11006184.19
26/10/2017,12999790.29
27/10/2017,7510989.944
28/10/2017,6138789.858
29/10/2017,11122042.8
30/10/2017,10616495.4
31/10/2017,9966505.887
1/11/2017,7872095.229
2/11/2017,10833158.57
3/11/2017,8594305.801
4/11/2017,9388737.429
5/11/2017,10183169.06
6/11/2017,9605400.601
7/11/2017,11266484.92
8/11/2017,10399832.23
9/11/2017,11049821.74
10/11/2017,8139094.745
11/11/2017,5426063.163
12/11/2017,5426063.163
13/11/2017,9495610.536
14/11/2017,8681701.061
15/11/2017,10309520.01
16/11/2017,10309520.01
17/11/2017,11326906.85
18/11/2017,9224307.378
19/11/2017,10852126.33
20/11/2017,11869513.17
21/11/2017,11733861.59
22/11/2017,8342572.114
23/11/2017,10648648.96
24/11/2017,9977010.841
25/11/2017,10445729.47
26/11/2017,10244850.06
27/11/2017,11383166.73
28/11/2017,10445729.47
29/11/2017,11584046.14
30/11/2017,11182287.32
1/12/2017,12253644.19
2/12/2017,10780528.49
3/12/2017,11784925.56
4/12/2017,12119724.58
5/12/2017,11918845.17
6/12/2017,14867776.06
7/12/2017,11941671.2
8/12/2017,12337090.77
9/12/2017,13760601.25
10/12/2017,12969762.09
11/12/2017,13523349.5
12/12/2017,12337090.77
13/12/2017,14709608.23
14/12/2017,14630524.31
15/12/2017,13365181.67
16/12/2017,13523349.5
17/12/2017,14630524.31
18/12/2017,16946489.24
19/12/2017,13035760.95
20/12/2017,12663310.64
21/12/2017,12290860.32
22/12/2017,14432449.62
23/12/2017,12942648.37
24/12/2017,14153111.89
25/12/2017,12570198.06
26/12/2017,13221986.11
27/12/2017,14525562.2
28/12/2017,13873774.15
29/12/2017,15363575.41
30/12/2017,13687549
31/12/2017,15177350.25
1/1/2018,14975580.96
2/1/2018,16415540.67
3/1/2018,15071578.27
4/1/2018,16127548.73
5/1/2018,13727615.88
6/1/2018,16127548.73
7/1/2018,15551564.84
8/1/2018,15935554.1
9/1/2018,15743559.47
10/1/2018,15935554.1
11/1/2018,18527481.57
12/1/2018,17087521.86
13/1/2018,16501289.11
14/1/2018,17165770.55
15/1/2018,16612036.02
16/1/2018,17608758.18
17/1/2018,18494733.44
18/1/2018,19159214.88
19/1/2018,18273239.62
20/1/2018,19712949.41
21/1/2018,20709671.57
22/1/2018,18494733.44
23/1/2018,19602202.5
24/1/2018,19491455.6
25/1/2018,20445148.56
26/1/2018,20056949.54
27/1/2018,20315748.89
28/1/2018,20445148.56
29/1/2018,19151151.82
30/1/2018,21609745.63
31/1/2018,15139761.91
1/2/2018,20703947.91
2/2/2018,21739145.31
3/2/2018,20445148.56
4/2/2018,23033142.05
5/2/2018,23938939.78
6/2/2018,24293141.32
7/2/2018,20149017.21
8/2/2018,18720008.9
9/2/2018,19291612.22
10/2/2018,20434818.87
11/2/2018,21578025.52
12/2/2018,23721537.99
13/2/2018,23435736.33
14/2/2018,25579248.8
15/2/2018,18720008.9
16/2/2018,22435430.51
17/2/2018,21292223.86
18/2/2018,23149934.67
19/2/2018,23149934.67
20/2/2018,21079198.67
21/2/2018,25265138.83
22/2/2018,22275181.57
23/2/2018,22125683.71
24/2/2018,21677190.12
25/2/2018,25564134.55
26/2/2018,21079198.67
27/2/2018,23919658.06
28/2/2018,23172168.75
1/3/2018,24667147.38
2/3/2018,23321666.61
3/3/2018,26909615.32
4/3/2018,22125683.71
5/3/2018,24372959.73
6/3/2018,25517998.11
7/3/2018,25681575.02
8/3/2018,26499459.57
9/3/2018,23882229
10/3/2018,22900767.53
11/3/2018,25027267.37
12/3/2018,26335882.66
13/3/2018,25845151.93
14/3/2018,23555075.18
15/3/2018,23555075.18
16/3/2018,25517998.11
17/3/2018,24372959.73
18/3/2018,25990711.3
19/3/2018,26679206.96
20/3/2018,21859737.32
21/3/2018,26162835.21
22/3/2018,24613719.97
23/3/2018,22892480.81
24/3/2018,26851330.88
25/3/2018,23236728.64
26/3/2018,25818587.38
27/3/2018,26162835.21
28/3/2018,23236728.64
29/3/2018,26162835.21
30/3/2018,27884074.37
31/3/2018,22031861.23
1/4/2018,28274794.22
2/4/2018,27227579.62
3/4/2018,28449329.98
4/4/2018,25656757.72
5/4/2018,27227579.62
6/4/2018,24085935.81
7/4/2018,31416438.02
8/4/2018,28100258.45
9/4/2018,25656757.72
10/4/2018,28623865.75
11/4/2018,28100258.45
12/4/2018,26878508.08
13/4/2018,28798401.52
14/4/2018,26146926.52
15/4/2018,31109116.95
16/4/2018,26910340.43
17/4/2018,30918263.48
18/4/2018,30536556.52
19/4/2018,33971919.13
20/4/2018,26146926.52
21/4/2018,30345703.04
22/4/2018,30536556.52
23/4/2018,29200582.17
24/4/2018,30345703.04
25/4/2018,23474977.82
26/4/2018,26910340.43
27/4/2018,28391145.89
28/4/2018,25592018.83
29/4/2018,31590148.24
30/4/2018,30990335.3
1/5/2018,31590148.24
2/5/2018,27991270.6
3/5/2018,30190584.71
4/5/2018,27591395.3
5/5/2018,32189961.18
6/5/2018,27391457.65
7/5/2018,29990647.07
8/5/2018,27791332.95
9/5/2018,31990023.54
10/5/2018,30790397.65
11/5/2018,26161151.17
12/5/2018,33988897.19
13/5/2018,30487010.81
14/5/2018,27191117.75
15/5/2018,30075024.18
16/5/2018,36872803.62
17/5/2018,27191117.75
18/5/2018,30487010.81
19/5/2018,31722970.71
20/5/2018,29663037.55
21/5/2018,32340950.66
22/5/2018,31104990.76
23/5/2018,33370917.24
24/5/2018,30616246.32
25/5/2018,37681533.93
26/5/2018,34684139.19
27/5/2018,35112338.44
28/5/2018,33399541.44
29/5/2018,29759847.82
30/5/2018,37253334.68
31/5/2018,36396936.18
1/6/2018,35540537.68
2/6/2018,32543142.94
3/6/2018,34898238.81
4/6/2018,39180231.3
5/6/2018,42980660.1
6/6/2018,36103754.49
7/6/2018,35121339.4
8/6/2018,35612546.94
9/6/2018,35121339.4
10/6/2018,31191679.05
11/6/2018,34384528.08
12/6/2018,35612546.94
13/6/2018,35121339.4
14/6/2018,37577377.12
15/6/2018,37577377.12
16/6/2018,40770226.16
17/6/2018,38559792.21
18/6/2018,40279018.61
19/6/2018,39122596.14
20/6/2018,39122596.14
21/6/2018,42908653.83
22/6/2018,38112980.76
23/6/2018,40384615.37
24/6/2018,43161057.68
25/6/2018,39627403.83
26/6/2018,36850961.53
27/6/2018,30540865.37
28/6/2018,39627403.83
29/6/2018,38112980.76
30/6/2018,35588942.3
1/7/2018,37103365.37
2/7/2018,37594816.26
3/7/2018,30929068.69
4/7/2018,35728406.94
5/7/2018,36528296.65
6/7/2018,42660784.4
7/7/2018,41594264.79
8/7/2018,42127524.6
9/7/2018,36261666.74
10/7/2018,39727855.48
11/7/2018,35995036.84
12/7/2018,37594816.26
13/7/2018,38128076.06
14/7/2018,35461777.04
15/7/2018,35461777.04
16/7/2018,31995588.3
17/7/2018,40931868.49
18/7/2018,44793365.52
19/7/2018,44021066.11
20/7/2018,39644702.82
21/7/2018,35268339.52
22/7/2018,46852830.6
23/7/2018,42733900.44
24/7/2018,40931868.49
25/7/2018,45565664.92
26/7/2018,42476467.3
27/7/2018,42991333.57
28/7/2018,37327804.6
29/7/2018,50277183.1
30/7/2018,39630250.21
31/7/2018,43474975.98
1/8/2018,44362220.38
2/8/2018,45249464.79
3/8/2018,49094190.56
4/8/2018,52051671.92
5/8/2018,47319701.74
6/8/2018,38743005.8
7/8/2018,44657968.52
8/8/2018,46432457.33
9/8/2018,44066472.25
10/8/2018,52051671.92
11/8/2018,52376369.9
12/8/2018,49230273.08
13/8/2018,47642199.75
14/8/2018,43195594.44
15/8/2018,51135961.07
16/8/2018,50183117.07
17/8/2018,48277429.08
18/8/2018,50818346.4
19/8/2018,46054126.43
20/8/2018,47642199.75
21/8/2018,47006970.42
22/8/2018,50818346.4
23/8/2018,47324585.09
24/8/2018,48824180.03
25/8/2018,45145645.91
26/8/2018,57853309.21
27/8/2018,61866255.51
28/8/2018,51165065.37
29/8/2018,46483294.68
30/8/2018,51499477.56
31/8/2018,51833889.75
1/9/2018,50496240.99
2/9/2018,48155355.64
3/9/2018,48155355.64
4/9/2018,42135936.19
5/9/2018,44142409.34
6/9/2018,50161828.79
7/9/2018,52673943.17
8/9/2018,52338942.95
9/9/2018,56874984.68
10/9/2018,47105048.66
11/9/2018,49198606.38
12/9/2018,58619616.11
13/9/2018,51641090.38
14/9/2018,46058269.8
15/9/2018,48849680.09
16/9/2018,48500753.8
17/9/2018,47105048.66
18/9/2018,49547532.66
19/9/2018,54432500.67
20/9/2018,54756137.2
21/9/2018,51200543.88
22/9/2018,55111696.54
23/9/2018,53333899.87
24/9/2018,52622781.21
25/9/2018,60089527.19
26/9/2018,49422747.22
27/9/2018,50844984.55
28/9/2018,54756137.2
29/9/2018,54045018.54
30/9/2018,57956171.2
1/10/2018,56178374.53
2/10/2018,48711628.55
3/10/2018,51556103.21
4/10/2018,54911962.63
5/10/2018,48176505.21
6/10/2018,46323562.7
7/10/2018,52623567.23
8/10/2018,50029447.71
9/10/2018,48176505.21
10/10/2018,53364744.23
11/10/2018,58923571.75
12/10/2018,48917682.21
13/10/2018,52252978.72
14/10/2018,42247089.18
15/10/2018,60035337.26
16/10/2018,50029447.71
17/10/2018,51141213.22
18/10/2018,49274490.48
19/10/2018,50702736.58
20/10/2018,51059798.11
21/10/2018,49274490.48
22/10/2018,55344536.41
23/10/2018,54987474.89
24/10/2018,40347952.35
25/10/2018,48917428.96
26/10/2018,51059798.11
27/10/2018,48560367.43
28/10/2018,49988613.53
29/10/2018,52130982.68
30/10/2018,54987474.89
31/10/2018,58201028.61
