,averageDifficulty,cumulative total number of coins,activeAddresses,Daily Hash Rate(Trillions of hashes/s)
1077,25.841259649363167,15425089.8,511761,14.04719633952017
1278,26.260600103964947,15933914.8,472384,14.571940429249272
604,24.398494321785293,13500614.8,187834,12.65661384408755
818,24.67984730065494,14435064.8,298291,12.818620065416363
942,25.00992052374961,14898764.8,321393,13.249112036234068
1368,26.69707544881567,16130952.3,661095,14.90380819234816
525,24.26889326072231,13361589.8,192165,12.41745757563125
416,23.32317983038614,12927389.8,153727,11.74787255245573
1276,26.260600103964947,15929952.3,570194,14.465922232115595
1430,26.937873935368604,16247739.8,630967,15.025366015308192
1277,26.260600103964947,15931814.8,541665,14.445988020485853
673,24.56667539140568,13908314.8,257487,12.812216131616433
1229,26.12142853846417,15866939.8,458631,14.40313557591334
1967,29.579784333966263,17286283.54,631546,17.812471972217434
201,20.228121089582736,12008839.8,164698,8.454491913779426
915,24.85448834534531,14794239.8,397127,13.014167794962056
1877,29.256332377518937,17107471.05,562602,17.574584084534326
1821,28.976493482528184,17000664.8,660414,17.108021173310547
1107,25.99112399600974,15537439.8,453620,14.109856281395867
1222,26.12142853846417,15854027.3,438972,14.49065495144346
1137,26.001380496176928,15593839.8,466112,14.234495549179895
547,24.306385814300345,13443614.8,205465,12.725773484300538
901,24.832233384925196,14741889.8,349102,13.127166880488796
877,24.80647110755387,14653564.8,295114,13.077013150062148
1296,26.26452938210484,15968364.8,627629,14.514888715603956
1763,28.73296119468933,16890202.3,713403,16.990211191794028
24,16.253566143437926,11198164.8,69588,4.577470559725338
187,19.7840359724619,11949464.8,100576,8.102780116894776
1012,25.66490825955572,15182364.8,525262,14.08083986925575
1663,27.93850581567651,16688939.8,908966,16.199871593865335
1323,26.38274805270603,16043714.8,619913,14.49935121183467
1559,27.480198226193966,16494427.3,683046,15.693839942988417
1902,29.30998509101126,17176846.05,583692,17.281108585634662
1375,26.699616746244345,16144677.3,655219,14.928354705908315
281,21.68697606185889,12363489.8,163365,9.987915581386842
1450,26.979015878699776,16284502.3,688123,15.09606836801166
1781,28.82190868070583,16924939.8,460743,17.008984867960248
693,24.567385726424003,13927514.8,224960,12.754277739555471
997,25.45065365565875,15117789.8,473146,13.824115659649804
671,24.56667539140568,13901514.8,267483,12.78657370110581
455,23.65373621088103,13081089.8,182567,12.00146789196592
1953,29.537596259585182,17260646.04,664157,17.602931541353957
1813,28.976493482528184,16985539.8,589421,17.234435098286976
350,22.53478317576969,12655439.8,184755,10.721675188965504
47,16.777647695134004,11301889.8,56902,4.997546004556285
478,23.894826550857093,13175614.8,182544,12.134018063573224
1541,27.41410811436497,16459427.3,658031,15.68406016236684
1539,27.41410811436497,16455539.8,811433,15.702409301029425
80,17.07985200511729,11440764.8,52399,5.493906329122371
925,24.910618767897788,14832139.8,370346,13.077171096872284
1610,27.726331295732876,16590539.8,691464,15.902796577243938
1098,25.910651642787165,15452464.8,466136,14.10897178463846
872,24.80647110755387,14634789.8,341423,12.77690855750717
475,23.7363031082759,13163339.8,187501,12.140367290840365
190,20.051742639692595,11961489.8,130495,8.125037475104737
1852,29.091959020044204,17058927.3,442647,17.374063149173654
299,21.864162466385118,12441239.8,215087,10.251114860426616
531,24.278684810950043,13383639.8,215756,12.452063104827998
607,24.398494321785293,13512739.8,200394,12.565046650601346
1304,26.365172907884524,16007202.3,682916,14.571292918988842
819,24.67984730065494,14438864.8,321419,12.782773933777731
1284,26.260600103964947,15944439.8,555971,14.44993081992946
1154,26.06560008891122,15735464.8,541226,14.254657977605644
1398,26.812310712393256,16187927.3,664567,14.964570506872144
991,25.45065365565875,15094039.8,536461,13.57120378729566
1023,25.69307913652241,15227039.8,495715,14.069790033810552
1139,26.001380496176928,15601514.8,577587,14.2660439067555
745,24.587009905883985,14164939.8,263674,12.947386866872778
519,24.26889326072231,13338889.8,184209,12.400598858262816
546,24.306385814300345,13439364.8,200999,12.642623115983836
695,24.567385726424003,13935489.8,233307,12.89782591054108
447,23.57606938545032,13050839.8,166594,11.74262171399078
571,24.4196180584546,13638764.8,247119,12.645988882502142
791,24.6232570483854,14239814.8,309194,12.78293649812228
85,17.257752652703065,11461014.8,66440,5.622481910073367
1989,29.63923514832001,17378583.54,686810,17.89175176805402
1498,27.24388696450511,16378227.3,878586,15.532424784295673
1508,27.245358635116563,16396689.8,665263,15.450597823995343
421,23.32317983038614,12949939.8,159176,11.737234154047735
1915,29.35378771366965,17178971.05,484547,17.733061915852783
1067,25.841259649363167,15386614.8,477457,14.03395111310858
502,24.118771488869186,13272039.8,192841,12.431615910826228
290,21.68697606185889,12401714.8,150317,10.062878619944543
1411,26.85666387994306,16212039.8,594463,15.082534270949564
1427,26.88868369117783,16242277.3,735755,15.114435006282797
77,17.07985200511729,11427814.8,63007,5.392696427541209
1603,27.726331295732876,16577589.8,620733,15.67453792534564
1638,27.813342672722506,16646714.8,919336,16.21396787187885
753,24.61114956518841,14197164.8,289098,12.763908571879856
1570,27.550895071449265,16564539.8,728856,15.738039564611842
787,24.62911756626158,14372789.8,295627,12.802495860336249
2002,29.60232049898868,17324808.54,637741,17.513051204180652
1024,25.753703758338848,15230664.8,510057,13.937447425613982
1676,27.93112570837889,16665452.3,942700,16.19325214728982
1581,27.51223757993858,16506189.8,795732,15.699323106125137
959,25.094008811140604,14969514.8,483265,13.400918497704144
1830,29.02230301855948,17017302.3,625693,17.28716519730968
1282,26.260600103964947,15941152.3,593610,14.491897720793505
433,23.54574301114768,12995864.8,214002,11.79759292077791
1253,26.208062770437067,15913064.8,585521,14.509944585681138
726,24.586320517129383,14096314.8,255440,12.825512029739992
160,19.05874455844729,11811514.8,76020,7.451176418630231
1002,25.51075757972846,15137639.8,522089,13.691193360870484
1501,27.24388696450511,16383939.8,701424,15.375239200780904
662,24.51808462817121,13868264.8,273771,12.71797817938331
1826,29.02230301855948,17009927.3,632650,17.268355865391506
709,24.624154903230973,14291314.8,258200,12.727081536185944
911,24.85113032707733,14778639.8,382999,13.034646326394435
715,24.624154903230973,14312139.8,226454,12.7049404104284
1965,29.579784333966263,17282558.54,631067,17.66789074347573
1136,26.001380496176928,15589939.8,506021,14.15445284150636
978,25.367656736087785,15044539.8,418266,13.714237185767088
1092,25.910651642787165,15530639.8,471935,13.951610973820925
1146,26.001380496176928,15628539.8,563282,14.284505966626403
1992,29.63923514832001,17383421.04,524084,17.55904601424615
1566,27.550895071449265,16556914.8,689236,15.601627709044347
922,24.85448834534531,14820264.8,418274,13.027866639306572
117,18.001371143850626,11609789.8,75772,6.331811327801175
216,20.377118543883952,12073189.8,174151,8.736213983666456
749,24.61114956518841,14183389.8,257272,12.749922329909149
131,18.280648469395757,11675439.8,73995,6.726284365568493
336,22.334074926687094,12596114.8,179055,10.854558713693203
88,17.257752652703065,11473839.8,49179,5.55268614831643
874,24.80647110755387,14642014.8,355943,13.064590629888318
1776,28.82190868070583,16915552.3,844775,17.08644292695083
1192,26.031533534347616,15687864.8,477072,14.343849154472789
562,24.4021875330426,13549164.8,221622,12.59576853448433
147,18.65024171232661,11753314.8,78496,7.142851966867786
1708,28.28854111884534,16780389.8,1132612,16.52832129438239
143,18.53960578238639,11732539.8,66368,6.953660106473055
1978,29.598133472634466,17307171.04,532067,17.875197613883465
54,16.777647695134004,11329114.8,64862,4.95780567630839
580,24.419472856930817,13621214.8,254921,12.398354311182295
1203,26.10316319048687,15818914.8,537436,14.200492620143994
588,24.41233203039847,13595964.8,225168,12.572011480072897
1046,25.785860869973376,15260964.8,376520,13.94824049188155
259,21.305228324763863,12267639.8,132929,9.786491398519669
297,21.864162466385118,12432264.8,155205,10.251114860426616
1600,27.550895071449265,16548277.3,588671,15.90402646241954
1641,28.00258467236103,16703314.8,555051,15.630138189167292
1026,25.817016037753174,15293664.8,522170,13.839255399610405
86,17.257752652703065,11465114.8,62558,5.622481910073367
451,23.65373621088103,13065489.8,138508,11.918086282786795
1919,29.414412335486087,17186271.05,634184,17.627701400194955
1069,25.841259649363167,15394314.8,487367,14.123182246846325
1662,27.93850581567651,16686939.8,849503,16.037352664096538
1595,27.550895071449265,16537164.8,710521,15.96998443016126
944,25.00992052374961,14906989.8,413030,13.450361602940156
1479,27.051202620675607,16339827.3,807946,15.333962777467269
621,24.44065937425352,13717589.8,221134,12.34371727667872
358,22.6661489305172,12688114.8,166389,10.948961065489412
1327,26.459838134425603,16050527.3,565086,14.592039916263108
996,25.45065365565875,15113314.8,501601,13.742675328099592
553,24.386171995008635,13467889.8,202134,12.561866982598463
794,24.6232570483854,14251489.8,277347,12.849627872548478
865,24.76557381905115,14609839.8,322602,12.89016194884923
1478,27.051202620675607,16337777.3,742312,15.189923407145605
1267,26.280093898645948,15989077.3,459988,14.297477138660154
1973,29.598133472634466,17297783.54,648244,17.911346127915035
1648,28.00258467236103,16715739.8,800319,16.05502138303858
1079,25.88232113616094,15433289.8,470246,14.197744042883784
317,22.17023609386232,12514514.8,192303,10.287655734138951
1444,26.979015878699776,16273739.8,703291,15.09606836801166
1073,25.841259649363167,15409189.8,440786,13.972075709749625
970,25.26067814705501,15013964.8,406454,13.71662341287048
585,24.41233203039847,13584764.8,257437,12.60591303184105
116,18.001371143850626,11605639.8,68611,6.147161481296142
1295,26.26452938210484,15966377.3,616360,14.593478994114554
108,17.743610416446685,11568064.8,61411,6.209759852448079
1353,26.54334876729877,16100364.8,591030,14.743277331450312
263,21.305228324763863,12284639.8,108829,9.703109789776114
480,23.894826550857093,13183314.8,206396,11.975612058003392
1211,26.10316319048687,15833989.8,513945,14.318275658824655
1145,26.001380496176928,15624439.8,514944,14.360789274359268
188,19.837281849137508,11953814.8,117722,8.102780116894776
592,24.41233203039847,13610364.8,282482,12.625715659124085
1488,27.11350650401176,16357689.8,856639,15.402266664899678
1035,25.817016037753174,15324439.8,564999,13.85500375706681
1684,28.09475513216069,16732902.3,1077265,16.37813121302493
1551,27.480198226193966,16479014.8,568497,15.653834608334163
892,24.831073102910143,14708564.8,323737,13.024654104195433
1636,27.813342672722506,16642314.8,877356,16.135275603813266
1666,27.93850581567651,16695139.8,870876,15.936882133741715
93,17.257752652703065,11497189.8,74758,5.807319337770089
21,16.23028596177717,11185464.8,74758,4.4946360341246825
1897,29.30998509101126,17168471.05,616214,17.398891621360498
1773,28.82190868070583,16909877.3,881628,16.98864518384115
1495,27.16580600341461,16372227.3,734744,15.50788367544203
684,24.5824692248219,14001189.8,262370,12.728259562392592
139,18.53960578238639,11713939.8,73046,6.739831326156974
1350,26.488456939731257,16094427.3,701527,14.801171306730444
1841,29.05171690376577,17037764.8,604422,17.422984808002862
908,24.832233384925196,14767714.8,375812,13.039059613044005
1964,29.579784333966263,17280871.04,470139,17.697089898054973
39,16.563142476280728,11266239.8,56600,4.939045034458176
756,24.61114956518841,14207739.8,260548,12.676897194916249
1735,28.586532560955984,16836064.8,838824,16.88865495747441
1400,26.812310712393256,16191639.8,681438,14.964570506872144
1865,29.22838644712838,17084621.05,492526,17.374319463817173
905,24.832233384925196,14756114.8,370420,13.052131694478676
782,24.62911756626158,14354514.8,266005,12.80927554725464
963,25.26067814705501,14985664.8,474385,13.57352256919584
1829,29.02230301855948,17015289.8,695603,17.133014517585973
1729,28.43302270140057,16824277.3,944583,16.785486753148565
1028,25.817016037753174,15300239.8,546376,13.908248270902048
434,23.54574301114768,13000014.8,184681,11.79759292077791
400,23.08261792736477,12860614.8,183219,11.367834512992337
871,24.80647110755387,14631589.8,271138,12.872218737311494
539,24.278684810950043,13413314.8,202427,12.60329407469596
1716,28.28854111884534,16797014.8,1223977,16.734765678069603
982,25.367656736087785,15059989.8,413787,13.714237185767088
1004,25.51075757972846,15146539.8,497567,13.87013081975313
1337,26.46626902475589,16069564.8,660743,14.767149001440584
806,24.6565877282272,14390639.8,275653,12.752188321069276
138,18.53960578238639,11709464.8,69776,6.898701221829672
1339,26.48531721972659,16073402.3,642264,14.723528375455292
91,17.257752652703065,11487964.8,80899,5.661054184795112
727,24.586320517129383,14100139.8,254194,12.629078628694945
1231,26.1438008362187,15871039.8,530408,14.437994553196605
175,19.405494234961303,11890739.8,108022,7.930774193910545
1055,25.829211310846997,15342264.8,437620,13.851445522221264
1680,27.974610820318624,16699452.3,1230813,16.514706748407992
1454,26.979015878699776,16291864.8,608289,14.98187600060926
329,22.334074926687094,12565864.8,169354,10.579615666896595
232,20.62714127426235,12148514.8,157747,9.118354678946783
728,24.586320517129383,14103314.8,261087,12.629078628694945
551,24.306385814300345,13460389.8,211248,12.53275663857208
1343,26.48531721972659,16081239.8,654614,14.767149001440584
1845,29.05171690376577,17044989.8,475738,17.205412301770128
174,19.405494234961303,11885214.8,109555,7.940298075708045
844,24.71699103992661,14530614.8,288023,12.819917672888415
1307,26.365172907884524,16012964.8,709141,14.64727882602404
1157,26.06560008891122,15746739.8,494905,14.306957477074183
743,24.587009905883985,14157964.8,238229,12.711598035641032
1917,29.414412335486087,17182483.55,690053,17.58769606570303
487,23.89722215494483,13213114.8,191493,12.228434229725105
1116,25.99112399600974,15569439.8,503204,14.124142238648629
356,22.6661489305172,12680214.8,183491,10.886047240044604
969,25.26067814705501,15008839.8,419932,13.669370528018154
1344,26.48531721972659,16083152.3,696386,14.704235175794338
112,17.743610416446685,11586989.8,82676,6.264094203225896
835,24.687878302147706,14497464.8,272463,12.76866380921324
602,24.398494321785293,13492864.8,190444,12.598719865717184
733,24.587009905883985,14120764.8,257381,12.806908215555028
1039,25.785860869973376,15234414.8,520928,14.07187769478703
836,24.687878302147706,14500889.8,268287,12.76866380921324
359,22.6661489305172,12692664.8,181616,10.948961065489412
1271,26.260600103964947,15920777.3,525340,14.411855014179238
164,19.05874455844729,11830764.8,66977,7.524893994441307
485,23.894826550857093,13203864.8,166050,12.18976004661383
1669,27.93112570837889,16650914.8,931680,16.161703789691654
711,24.624154903230973,14298014.8,255123,12.755860500872885
821,24.67984730065494,14445989.8,303868,12.797266940914604
807,24.6565877282272,14394314.8,253340,12.914707250639449
683,24.5824692248219,13997714.8,255965,12.755847518683414
1596,27.550895071449265,16539539.8,718715,15.980566539464943
680,24.5824692248219,13987214.8,247232,12.655764060187176
710,24.624154903230973,14294814.8,271116,12.727081536185944
221,20.377118543883952,12096664.8,114536,8.74745005677721
1689,28.09475513216069,16743739.8,1179829,16.408163500429477
1617,27.74434980123555,16604052.3,639802,15.828578734743129
1855,29.091959020044204,17064789.8,592865,17.43325202039376
448,23.57606938545032,13054489.8,176754,11.762961398435932
1797,28.886637153406323,16954302.3,494672,17.119740974177084
722,24.586320517129383,14082114.8,263066,12.696519909511837
1409,26.85666387994306,16208239.8,744240,15.08896516127263
1901,29.30998509101126,17175346.05,509930,17.383965971285864
796,24.6232570483854,14259564.8,342128,12.803415029332994
527,24.278684810950043,13369164.8,199833,12.530534720527678
102,17.436987824960372,11540689.8,54134,6.05365553564894
1328,26.459838134425603,16052414.8,659635,14.66716054822319
1862,29.22838644712838,17079239.8,651145,17.4019074203883
1442,26.937873935368604,16270414.8,689626,15.075918294613842
1743,28.68533314570008,16852027.3,814508,16.81866607147022
1199,26.031533534347616,15700814.8,491194,14.217896748399564
1269,26.280093898645948,15992802.3,584321,14.561061660436632
1085,25.910651642787165,15506214.8,465440,14.197744042883784
912,24.85448834534531,14782914.8,378895,13.137300480348014
65,16.875874900311366,11374964.8,60509,5.234970340098666
1550,27.480198226193966,16477177.3,641806,15.71964782691995
463,23.65373621088103,13111464.8,179492,11.96973828361869
438,23.57606938545032,13015564.8,188386,11.73574883543202
1888,29.273893804448885,17128008.55,638283,17.44237673343028
1358,26.54334876729877,16110564.8,649975,14.74327733184575
155,18.818242702953476,11788989.8,90270,7.338726489846018
432,23.54574301114768,12992114.8,185952,11.816285053427862
1071,25.841259649363167,15402114.8,479006,14.066740936268635
603,24.398494321785293,13496814.8,166785,12.551253328677555
561,24.4021875330426,13545314.8,216377,12.568739861790252
394,23.070415047320992,12834964.8,152355,11.277241275278636
1181,26.08455800265584,15805152.3,498664,14.15261517530493
888,24.831073102910143,14694589.8,325572,12.919293588439594
1240,26.1438008362187,15887889.8,496593,14.274766651298314
620,24.428042139374583,13714039.8,250309,12.601420433386547
652,24.51775263539847,13829864.8,231565,12.642340765348932
1381,26.76827115098242,16155889.8,658325,14.94883323720967
340,22.53478317576969,12614139.8,183742,10.70133550477069
1108,25.99112399600974,15541239.8,459124,14.199262868802665
1706,28.28334630196824,16776289.8,966713,16.521931496538812
1360,26.54334876729877,16115102.3,663085,14.96774451013022
488,24.03485322821861,13216514.8,191798,12.228434229725105
375,22.802816389684327,12757064.8,165300,11.143260757602228
100,17.436987824960372,11530039.8,64633,5.9132383568380815
472,23.705388211609577,13149489.8,182919,11.99427939267682
328,22.334074926687094,12561889.8,166917,10.579615666896595
1142,26.001380496176928,15612339.8,582328,14.188585847703663
1352,26.54334876729877,16098489.8,623555,14.879289089553748
1607,27.726331295732876,16585414.8,532701,15.88909773298243
1437,26.937873935368604,16261014.8,718080,15.207687572300976
1166,26.08455800265584,15779264.8,400076,14.319230854170565
409,23.18767653208736,12895914.8,149467,11.596368912797216
1848,29.05171690376577,17050864.8,640762,17.323195337314136
346,22.53478317576969,12637414.8,132127,11.011033707777797
134,18.280648469395757,11690539.8,77030,6.801132256253098
252,21.072852696159597,12234489.8,147462,9.454295434433249
1128,26.016570661670904,15663239.8,478409,14.12833700411774
261,21.305228324763863,12276064.8,129277,9.581924233030112
540,24.296750102557667,13417089.8,198626,12.583081722304714
1215,26.10316319048687,15840964.8,427997,14.311718254537942
579,24.4196180584546,13667564.8,216010,12.558390823381464
1380,26.76827115098242,16154052.3,758515,15.081519678397203
245,20.88956233817724,12204864.8,97260,9.370825412172668
251,21.072852696159597,12229664.8,142544,9.486907020357208
1584,27.51223757993858,16512502.3,782822,15.854432099492923
286,21.68697606185889,12383364.8,154758,9.987915581386842
1642,28.00258467236103,16705239.8,911592,16.224439534950978
479,23.894826550857093,13179664.8,150731,12.134018063573224
1555,27.480198226193966,16486314.8,596154,15.590655706729924
1209,26.10316319048687,15830252.3,526727,14.356741937826474
482,23.894826550857093,13191064.8,190227,12.18976004661383
682,24.5824692248219,13994139.8,259956,12.755847518683414
327,22.174959612981585,12557964.8,192803,10.53430047066098
798,24.6232570483854,14266939.8,323601,12.73345644079786
1062,25.829211310846997,15368614.8,516152,13.970990673129208
303,21.95886112159677,12459089.8,196527,10.24255418900401
965,25.26067814705501,14993139.8,486000,13.39238374467081
1976,29.598133472634466,17303233.54,673177,17.81840001535588
1144,26.001380496176928,15620014.8,561728,14.2535437417307
1351,26.54334876729877,16096339.8,638259,14.75643541486478
1239,26.1438008362187,15886127.3,514307,14.437994553196605
817,24.67984730065494,14431664.8,285200,12.818620065416363
976,25.367656736087785,15036389.8,419640,13.46943213760708
900,24.832233384925196,14737764.8,334791,12.978023722291946
990,25.45065365565875,15090264.8,501450,13.57120378729566
932,24.910618767897788,14858964.8,357979,13.035206897596884
1653,28.00258467236103,16724827.3,945888,16.217924853671214
382,22.90406924509412,12786389.8,177592,11.263164684866997
648,24.443471314705103,13764064.8,292663,12.74412345961717
90,17.257752652703065,11483214.8,69872,5.734003184649311
370,22.802816389684327,12736389.8,168300,11.07951229772106
681,24.5824692248219,13990864.8,242044,12.663254732092453
1870,29.22838644712838,17093471.05,583318,17.44191275494226
1801,28.886637153406323,16961852.3,640379,16.997138651765383
1671,27.93112570837889,16654952.3,1057287,16.247646219481116
204,20.228121089582736,12020714.8,188789,8.523054585037134
1552,27.480198226193966,16480827.3,706629,15.64013576390798
163,19.05874455844729,11825414.8,79795,7.524893994441307
734,24.587009905883985,14124614.8,263228,12.806908215555028
1164,26.08455800265584,15774189.8,463200,14.246108584965794
1899,29.30998509101126,17172021.05,933538,17.45646147317809
1839,29.05171690376577,17033702.3,636148,17.11840092462726
2006,29.60232049898868,17331758.54,560480,17.727305808058144
493,24.03485322821861,13236464.8,156318,12.317665363309942
1523,27.287121363478537,16421152.3,605013,15.706028616664389
1096,25.910651642787165,15444764.8,431043,14.135117065108409
1568,27.550895071449265,16560439.8,688857,15.601627709044347
495,24.03485322821861,13243939.8,193143,12.10060085812632
1784,28.87228970499818,16930352.3,568469,16.90015702417203
1858,29.091959020044204,17070889.8,521910,17.298077242060828
1753,28.68533314570008,16870852.3,770450,16.87385248702752
222,20.377118543883952,12101064.8,156258,9.113391889526657
240,20.88956233817724,12182864.8,126405,9.172374473469604
89,17.257752652703065,11478289.8,67473,5.55268614831643
1625,27.74434980123555,16619514.8,783622,15.961176856099966
322,22.17023609386232,12534589.8,165225,10.471175613545316
730,24.586320517129383,14110364.8,222862,12.759698811152116
619,24.428042139374583,13710164.8,272861,12.601420433386547
1758,28.73296119468933,16880639.8,713590,16.91898368257861
10,16.125695983122313,11143289.8,80910,4.490425240994624
494,24.03485322821861,13240339.8,234683,12.317665363309942
342,22.53478317576969,12621264.8,165204,10.694462625346286
1723,28.43302270140057,16811152.3,1053533,16.768294352631916
591,24.41233203039847,13606839.8,185544,12.47807966004166
1574,27.550895071449265,16570602.3,529977,15.22272962837552
658,24.51775263539847,13852839.8,250546,12.800564770445575
744,24.587009905883985,14161639.8,246460,12.621985877073868
1645,28.00258467236103,16710752.3,960573,15.878834814820934
1703,28.256959546795045,16770477.3,1094029,16.547510032684656
1971,29.598133472634466,17293821.04,507621,17.792082707036073
1618,27.74434980123555,16605614.8,727434,15.75905267200796
1659,27.93850581567651,16681252.3,951196,16.148578299138293
130,18.280648469395757,11670364.8,56485,6.726284365568493
1280,26.260600103964947,15937552.3,602670,14.411855014179238
1320,26.38274805270603,16037802.3,568515,14.614733285985864
1890,29.30998509101126,17155583.55,609579,17.39145664294347
632,24.50681121919731,13809889.8,215717,12.510038491883783
154,18.818242702953476,11784014.8,105735,7.338726489846018
1629,27.813342672722506,16627589.8,850054,16.15266734627092
384,22.90406924509412,12795014.8,190988,11.268798502561454
195,20.051742639692595,11982514.8,116404,8.47113030969876
1110,25.99112399600974,15548314.8,424165,14.109856281395867
64,16.875874900311366,11370314.8,60868,5.234970340098666
1722,28.43302270140057,16808989.8,1090522,16.7329965706009
1415,26.85666387994306,16219489.8,734444,15.06954707543748
141,18.53960578238639,11722814.8,79120,6.985241678389735
1631,27.813342672722506,16631527.3,818815,16.010891883666595
522,24.26889326072231,13350614.8,249289,12.527012782976984
1522,27.291343748358383,16446264.8,642954,15.706028616664389
552,24.306385814300345,13464439.8,204185,12.660307055367928
1325,26.459838134425603,16046964.8,638084,14.533629155659623
339,22.43887102180257,12610364.8,153922,10.673555940568482
759,24.61114956518841,14218289.8,311054,12.784527859216942
1922,29.414412335486087,17192546.05,495719,17.672437294011484
518,24.26889326072231,13335439.8,211997,12.428572710251288
699,24.567385726424003,13950314.8,268332,12.706158491286574
1752,28.68533314570008,16868989.8,773228,16.92615198642139
1463,26.98093342482905,16308714.8,690007,15.046632240277146
764,24.58587990103601,14032939.8,277531,12.724652665799873
1696,28.256959546795045,16757502.3,1112381,16.48498967517841
790,24.6232570483854,14236439.8,313893,12.78293649812228
755,24.61114956518841,14204289.8,271049,12.69937005091402
428,23.54574301114768,12976864.8,161249,11.619037846705904
185,19.7840359724619,11939789.8,77879,8.346879033210609
945,25.00992052374961,14911014.8,427478,13.183298817735214
800,24.6232570483854,14274114.8,322375,12.856058762924238
218,20.377118543883952,12081714.8,184047,8.701727807586831
1630,27.813342672722506,16629639.8,873937,16.093478474602563
1647,28.00258467236103,16714114.8,818583,15.966610425765234
1619,27.74434980123555,16607602.3,819066,15.999643136976324
505,24.118771488869186,13285439.8,193225,12.389313531278404
1511,27.291343748358383,16426577.3,741906,15.401117766792714
1957,29.579784333966263,17268333.54,506835,17.856366165872714
1148,26.06560008891122,15713664.8,546794,14.110524076566508
159,19.05874455844729,11807489.8,76596,7.291546272613948
467,23.705388211609577,13128939.8,196052,12.092340605686664
1702,28.256959546795045,16768414.8,1003665,16.445510864144172
858,24.76557381905115,14583539.8,294414,13.017423728502996
262,21.305228324763863,12280414.8,106540,9.703109789776114
834,24.687878302147706,14493914.8,276354,12.76866380921324
1536,27.41410811436497,16449589.8,634632,15.440650913612494
1007,25.51075757972846,15159589.8,688829,13.79384751487533
785,24.62911756626158,14365714.8,232177,12.887237088744868
268,21.38668920501637,12307614.8,142621,9.73529368156326
1613,27.726331295732876,16596589.8,628485,15.839617675617015
239,20.88956233817724,12178264.8,122662,9.259893851413045
215,20.377118543883952,12068189.8,178033,8.653814451878691
1867,29.22838644712838,17087958.55,587881,17.35311725605268
1170,26.08455800265584,15786214.8,475270,14.22520190293925
930,24.910618767897788,14851739.8,380647,13.174968840152308
1502,27.24388696450511,16385764.8,667449,15.410085932227686
1851,29.091959020044204,17056877.3,467761,17.361793056560746
392,23.070415047320992,12827264.8,184279,11.429510486996175
816,24.67984730065494,14427939.8,298836,12.906218124772812
879,24.80647110755387,14660964.8,326824,12.923890747957444
1861,29.11716081201816,17077402.3,655694,17.57626080736689
771,24.58587990103601,14059864.8,283760,12.681480494079128
1835,29.02230301855948,17026552.3,617388,17.242713434724724
397,23.070415047320992,12847839.8,175324,11.48980271725692
1720,28.43302270140057,16804914.8,953007,16.625638052042493
1101,25.910651642787165,15464564.8,454721,14.179288283322892
608,24.40562741024972,13567739.8,209946,12.565046650601346
238,20.88956233817724,12173764.8,130234,9.259893851413045
1048,25.785860869973376,15268089.8,456138,13.995387270226596
46,16.584889296213635,11298264.8,48785,4.997546004556285
507,24.118771488869186,13294114.8,168990,12.466503169988563
1075,25.841259649363167,15417564.8,435519,14.182371118143704
128,18.280648469395757,11662814.8,73269,6.710618248775504
881,24.80647110755387,14668889.8,353417,13.14270840933722
1133,26.016570661670904,15681764.8,510791,14.156910376942935
395,23.070415047320992,12838639.8,146489,11.277241275278636
278,21.508922857288727,12350439.8,172443,9.959726723835416
1565,27.550895071449265,16555289.8,705051,15.731305532395917
754,24.61114956518841,14200689.8,260538,12.69937005091402
1958,29.579784333966263,17270021.04,614057,17.66789074347573
528,24.278684810950043,13372764.8,164737,12.45884279173941
1376,26.76827115098242,16146664.8,689329,15.020525165724507
1789,28.87228970499818,16939339.8,442843,16.96124471584012
1674,27.93112570837889,16661152.3,1084885,16.22984159510537
1334,26.459838134425603,16063789.8,470730,14.761273839816663
1624,27.74434980123555,16617602.3,780257,15.86521286783738
61,16.875874900311366,11357764.8,68676,5.115066413198871
1611,27.726331295732876,16592752.3,758808,16.08851372308738
210,20.228121089582736,12046089.8,199264,8.615073483831674
1884,29.256332377518937,17120758.55,555077,17.4950314528012
1286,26.26452938210484,15948177.3,628572,14.429591139135283
1759,28.73296119468933,16882489.8,739570,16.9122496505277
1088,25.910651642787165,15517164.8,434758,14.061611869198892
1895,29.30998509101126,17164921.05,627020,17.406271728588667
1639,27.838035285312877,16648964.8,730711,16.380443783757233
1003,25.51075757972846,15141864.8,531737,13.829779524329815
84,17.257752652703065,11457364.8,65888,5.360679285448418
1183,26.08455800265584,15808364.8,477076,14.121843513827455
526,24.271681700894188,13365289.8,188828,12.530534720527678
301,21.864162466385118,12449864.8,201181,10.251114860426616
520,24.26889326072231,13342539.8,176285,12.414683598320138
860,24.76557381905115,14590739.8,334615,12.882993459274427
341,22.53478317576969,12617914.8,158684,10.70133550477069
716,24.624154903230973,14315289.8,231657,12.7049404104284
645,24.443471314705103,13752364.8,215607,12.791202995828188
1844,29.05171690376577,17043189.8,514455,17.272551604507058
1016,25.69307913652241,15199364.8,497789,14.134328554366515
1975,29.598133472634466,17301308.54,633994,17.744292043342643
313,22.06239620819593,12498389.8,208074,10.36930589473645
596,24.398494321785293,13471114.8,240373,12.515913962229702
1470,27.042233950692847,16322652.3,735155,15.231308623205894
883,24.81760870026707,14676314.8,298058,12.842332547401478
1165,26.08455800265584,15777314.8,438235,14.273321147050815
486,23.894826550857093,13208414.8,166215,12.350771816664658
1601,27.67981128009798,16574177.3,673775,15.756551077022428
612,24.428042139374583,13683664.8,244379,12.722975634942044
909,24.832233384925196,14771389.8,355490,13.077774125254964
223,20.468935647138853,12105864.8,154546,8.87268201455173
1709,28.28854111884534,16782489.8,1253400,16.596039468931014
1317,26.38274805270603,16032127.3,651835,14.621123086977471
1141,26.001380496176928,15608614.8,594513,14.221592142678348
1439,26.937873935368604,16264714.8,656647,15.188995439129386
439,23.57606938545032,13018939.8,162413,11.686268777681535
799,24.6232570483854,14270264.8,327766,12.856058762924238
723,24.586320517129383,14085214.8,259790,12.806218826800071
1817,28.976493482528184,16993464.8,509559,17.234435098286976
1019,25.69307913652241,15211689.8,494551,14.069790033810552
1212,26.10316319048687,15835614.8,489493,14.155372186957257
418,23.32317983038614,12936289.8,163312,11.794392568198434
296,21.864162466385118,12427764.8,178647,10.171072152694215
1764,28.73296119468933,16892139.8,806237,16.95846249366825
184,19.7840359724619,11934739.8,87053,8.346879033210609
1531,27.287121363478537,16412464.8,771121,15.752790382530272
1754,28.68533314570008,16872877.3,730175,16.9575025164623
535,24.278684810950043,13398764.8,175984,12.359470318204409
795,24.6232570483854,14255039.8,307720,12.942001192586773
1057,25.829211310846997,15349689.8,432360,14.03244345261498
352,22.6661489305172,12663664.8,149225,10.94284483846874
1043,25.785860869973376,15249489.8,510618,14.077452223918822
1667,27.93850581567651,16697102.3,956721,16.18094358385656
27,16.313120487511075,11210589.8,76189,4.620030174426858
1134,26.001380496176928,15632139.8,482261,14.15445284150636
1580,27.51223757993858,16504327.3,654533,15.555189204540168
413,23.301286594056982,12913914.8,168031,11.641923974962571
1256,26.2487187760782,15918977.3,549445,14.59109395055641
1191,26.031533534347616,15685752.3,488412,14.244388363986404
1210,26.10316319048687,15832089.8,512461,14.27827031989056
1823,29.02230301855948,17004039.8,562250,17.057791096388026
430,23.54574301114768,12984814.8,128220,11.732635024477894
1182,26.08455800265584,15806764.8,507457,14.129625654440703
961,25.11839173239296,14977614.8,452097,13.352128333633106
1597,27.550895071449265,16541714.8,773640,15.89259776650052
899,24.832233384925196,14734139.8,370216,12.890376415397222
1441,26.937873935368604,16268639.8,753921,15.23808504949725
609,24.428042139374583,13671364.8,180281,12.722975634942044
444,23.57606938545032,13039539.8,151903,11.894813529426209
496,24.03485322821861,13247589.8,233688,12.267654942746749
788,24.625047941273746,14322464.8,272459,12.802495860336249
1802,28.886637153406323,16964102.3,499530,17.262841817719817
1446,26.979015878699776,16277439.8,592441,15.145201056452269
640,24.443471314705103,13733389.8,277172,12.762215458807486
517,24.26889326072231,13331564.8,219697,12.428572710251288
1991,29.63923514832001,17381996.04,573912,17.77160745617946
1506,27.24388696450511,16393027.3,796500,15.45691723179105
1627,27.74434980123555,16622977.3,796789,15.879498825103123
1496,27.24388696450511,16374277.3,767620,15.526345738234625
199,20.051742639692595,12000289.8,103890,8.673756985682315
1766,28.73296119468933,16896152.3,749023,16.964893383874056
557,24.4021875330426,13531114.8,249968,12.519607173548
307,22.06239620819593,12473614.8,232481,10.326746280385873
69,16.875874900311366,11393714.8,67986,5.200484164448048
719,24.586320517129383,14071239.8,250190,12.919088398760874
1460,26.98093342482905,16303214.8,724937,15.181110154501834
1377,26.76827115098242,16148227.3,619108,14.779934700868914
289,21.68697606185889,12397039.8,177111,10.062878619944543
864,24.76557381905115,14606064.8,274687,12.861174412102116
207,20.228121089582736,12033464.8,124672,8.604023647590683
224,20.62714127426235,12109989.8,152924,8.87268201455173
283,21.68697606185889,12371914.8,148083,9.88720160601325
1794,28.87228970499818,16948727.3,570440,17.1435662727058
688,24.5824692248219,14015039.8,239081,12.728259562392592
168,19.20874760308095,11854289.8,93270,7.775825747762388
15,16.23028596177717,11162914.8,84113,4.4946360341246825
885,24.831073102910143,14683389.8,259753,13.031298646992964
1576,27.516731969526425,16522389.8,548838,15.310497317151874
1184,26.08455800265584,15810064.8,494972,14.189794178562316
132,18.280648469395757,11680214.8,70670,6.766899084691666
950,25.094008811140604,14930414.8,435598,13.294234355126838
1746,28.68533314570008,16857139.8,741906,16.832750811227015
957,25.094008811140604,14960864.8,528953,13.447438513394085
1288,26.26452938210484,15952127.3,614664,14.436417104117334
891,24.831073102910143,14704564.8,265620,13.017965115964712
1672,27.93112570837889,16656902.3,1025731,16.161703789691654
838,24.687878302147706,14508014.8,283851,12.84063730896098
1918,29.414412335486087,17184358.55,705913,17.607898772845736
1954,29.537596259585182,17262521.04,666558,17.730764912755102
697,24.567385726424003,13943014.8,279006,12.706158491286574
564,24.4021875330426,13556414.8,247948,12.609013761047214
1033,25.817016037753174,15317589.8,488866,14.006919798886203
1245,26.208062770437067,15897977.3,549579,14.521849483580962
1013,25.69307913652241,15186064.8,473992,13.958237547196765
1275,26.260600103964947,15928052.3,721678,14.529638049529613
269,21.508922857288727,12311739.8,126975,9.73529368156326
1481,27.051202620675607,16343727.3,791586,15.224528936237029
1677,27.93112570837889,16667652.3,1016509,16.28233177782839
354,22.6661489305172,12672089.8,164132,11.02524437027777
192,20.051742639692595,11968539.8,129810,8.358652326212233
1213,26.10316319048687,15837264.8,483713,14.1706396536951
60,16.875874900311366,11353839.8,50485,5.089258528948608
1515,27.291343748358383,16433889.8,646742,15.457470703357874
700,24.567385726424003,13953614.8,268254,12.74076402032584
623,24.50681121919731,13778614.8,252866,12.70703676318896
280,21.626959831212,12358939.8,156801,9.987915581386842
257,21.27154000141837,12258989.8,152181,9.801380010772537
2009,29.60232049898868,17337546.04,707291,17.879413586256828
72,17.07985200511729,11406789.8,78450,5.280077549357733
97,17.436987824960372,11515389.8,71546,5.790417527150205
1661,27.93850581567651,16685239.8,980129,16.242691590435783
833,24.687878302147706,14490239.8,277814,12.683008364725069
823,24.67984730065494,14453639.8,298371,12.853225594730254
665,24.56667539140568,13879014.8,231633,12.799477105751592
1587,27.51223757993858,16518664.8,752544,15.860162774143149
1921,29.414412335486087,17190546.05,542819,17.76774747393108
212,20.268172279826235,12054939.8,189629,8.78042007602766
757,24.61114956518841,14211039.8,256485,12.850341077759726
1990,29.63923514832001,17380233.54,693363,17.7056494884703
256,21.072852696159597,12254764.8,117029,9.801380010772537
1338,26.48531721972659,16071439.8,654659,14.677917865009888
177,19.405494234961303,11901989.8,101197,8.260286504363659
1322,26.38274805270603,16041977.3,663897,14.746660833535302
1467,26.98093342482905,16316614.8,787633,15.281824130173966
1885,29.256332377518937,17122646.05,589876,17.456065484433264
226,20.62714127426235,12118414.8,144947,9.10840434804757
1372,26.69707544881567,16139052.3,790453,15.137423043543698
1768,28.73296119468933,16900252.3,802172,16.9122496505277
1309,26.365172907884524,16016602.3,637060,14.50323945108047
1140,26.001380496176928,15604814.8,526645,14.074988669187794
1373,26.69707544881567,16141014.8,639858,14.936173476974613
1643,28.00258467236103,16707077.3,889430,16.177919519316085
534,24.278684810950043,13394664.8,184643,12.59152923290756
1493,27.11350650401176,16367814.8,726206,15.279927812785903
1313,26.38274805270603,16024214.8,644845,14.56208955686354
1230,26.13936623915083,15868977.3,510506,14.419756965021328
1195,26.031533534347616,15693639.8,530901,14.21789674438723
1091,25.910651642787165,15527414.8,524750,14.10907840645335
123,18.001371143850626,11639414.8,57000,6.643902365215901
650,24.51775263539847,13822939.8,232332,12.711333636706597
1040,25.785860869973376,15238114.8,417387,13.905980682667268
1401,26.812310712393256,16193602.3,735135,15.051003012559663
1480,27.051202620675607,16341889.8,851763,15.340041823527718
1646,28.00258467236103,16712627.3,916843,16.198122226501734
1730,28.53118246587282,16826252.3,841506,16.833256178078766
887,24.831073102910143,14691039.8,290693,13.011231083925876
988,25.45065365565875,15083664.8,427601,13.519531776812272
193,20.051742639692595,11972814.8,117024,8.507687905581841
1367,26.69707544881567,16129052.3,662445,15.015726108544222
589,24.41233203039847,13599664.8,217463,12.551104795265791
805,24.6565877282272,14387289.8,275285,12.752188321069276
705,24.624154903230973,14277264.8,249125,12.876004812606066
1984,29.63923514832001,17369708.54,588478,17.651161303210763
917,24.85448834534531,14801989.8,497257,13.080859169396028
152,18.818242702953476,11774564.8,80455,7.101054838064003
1242,26.1438008362187,15891664.8,473858,14.444000575682333
853,24.71699103992661,14564714.8,307795,12.92381726805435
1972,29.598133472634466,17295671.04,614679,17.77865968679768
205,20.228121089582736,12025014.8,165422,8.498663131993979
550,24.306385814300345,13456164.8,269127,12.53275663857208
1816,28.976493482528184,16991464.8,620016,17.228165485215712
1423,26.88868369117783,16234952.3,703673,15.241493884369149
1314,26.38274805270603,16026114.8,670364,14.588757801475989
1476,27.051202620675607,16334064.8,655424,15.116898272050216
1949,29.537596259585182,17253821.04,564630,17.737409455633518
1904,29.275826172199935,17130183.55,770835,17.61757059534722
1387,26.76827115098242,16167152.3,670733,14.975501484342669
506,24.118771488869186,13289714.8,170402,12.389313531278404
1963,29.579784333966263,17279133.54,558339,17.704258387608697
1037,25.817016037753174,15331739.8,567272,13.893322621137662
1905,29.275826172199935,17132321.05,636864,17.600178852533517
1732,28.586532560955984,16830152.3,870592,16.82690695061818
1459,26.98093342482905,16301327.3,828936,15.317121912110922
1208,26.10316319048687,15828277.3,446866,14.381587938487606
1064,25.829211310846997,15376214.8,480367,14.084067817726645
1733,28.586532560955984,16832127.3,768043,16.833256178078766
348,22.53478317576969,12646914.8,183171,10.990728441547589
288,21.68697606185889,12392264.8,163942,10.122195196946947
859,24.76557381905115,14587339.8,317821,12.861174412102116
1602,27.726331295732876,16576127.3,786890,15.96221999771951
372,22.802816389684327,12744539.8,166672,11.097749885217876
1433,26.937873935368604,16253564.8,736053,15.29057523209262
1980,29.598133472634466,17310858.54,678543,17.701428338810366
994,25.45065365565875,15105489.8,625563,13.620336475939762
724,24.586320517129383,14089289.8,265454,12.773212530322697
267,21.305228324763863,12302889.8,150317,9.96998322361194
450,23.58199748618748,13062139.8,176867,11.778324340344952
1633,27.813342672722506,16635989.8,850258,16.180997853118413
1104,25.910651642787165,15476789.8,485976,14.244983542170456
606,24.398494321785293,13508639.8,268138,12.711338744035103
1175,26.08455800265584,15795177.3,468926,14.12184351677202
1737,28.586532560955984,16839527.3,842407,16.84583496034065
1757,28.73296119468933,16878777.3,705387,17.04493609164654
11,16.14776424814305,11147489.8,69607,4.490425240994624
614,24.428042139374583,13691864.8,242326,12.734951826095251
656,24.51775263539847,13844939.8,266116,12.76329337560294
873,24.80647110755387,14638089.8,350680,12.872218737311494
1900,29.30998509101126,17173683.55,809623,17.383965971285864
202,20.228121089582736,12012864.8,207754,8.50481699749711
1955,29.57263634070098,17264421.04,689985,17.779631454235414
601,24.398494321785293,13489039.8,245629,12.598719865717184
902,24.832233384925196,14745089.8,400900,12.859366178456062
1798,28.886637153406323,16956339.8,594098,17.163635167468428
1956,29.579784333966263,17266296.04,546144,17.77325125902741
897,24.831660401835038,14727139.8,365671,13.058604209025818
811,24.6565877282272,14408914.8,306249,12.829966022259711
1931,29.48575538431799,17209733.54,657023,17.581249067458412
1685,28.09475513216069,16735039.8,1153418,16.419928341978434
1429,26.903282490598983,16246052.3,694171,15.219957664750336
319,22.17023609386232,12522914.8,140557,10.534965351239132
23,16.23028596177717,11194039.8,84914,4.500828004318828
628,24.50681121919731,13796739.8,254019,12.47724866908539
767,24.58587990103601,14044564.8,261175,12.886819420631408
1332,26.459838134425603,16060014.8,659622,14.66716054694306
646,24.443471314705103,13756789.8,233142,12.773911498630683
1143,26.001380496176928,15616064.8,586166,14.188585847015052
1847,29.05171690376577,17048839.8,588253,17.252878838872864
1135,26.001380496176928,15586339.8,525140,14.29058501567548
808,24.6565877282272,14398039.8,257392,12.802378065639708
1461,26.98093342482905,16305089.8,707250,15.174465611810389
1616,27.74434980123555,16602377.3,785914,16.140225087759916
426,23.54574301114768,12969964.8,186223,11.66316265163425
233,20.62714127426235,12152964.8,153561,9.118354678946783
1011,25.51075757972846,15177964.8,484673,13.94625451504747
1059,25.829211310846997,15357014.8,400112,13.991897358042978
1593,27.550895071449265,16532639.8,558828,15.660796152464988
989,25.45065365565875,15086714.8,415708,13.448914209542574
736,24.587009905883985,14132164.8,261584,12.767167886820296
618,24.428042139374583,13706489.8,239247,12.559747736957323
1928,29.455570407979597,17204221.04,525917,17.773966091473117
1569,27.550895071449265,16562677.3,860903,15.921479064512855
1893,29.30998509101126,17161246.05,473901,17.54347285010215
1259,26.280093898645948,15975514.8,601465,14.395669168651404
1721,28.43302270140057,16806902.3,999065,16.683906960098323
41,16.563142476280728,11275089.8,66609,4.916572178850258
921,24.85448834534531,14816539.8,377659,12.979076475071196
1008,25.51075757972846,15164064.8,543129,13.853036386573406
573,24.4196180584546,13645739.8,211018,12.565408395781995
1281,26.260600103964947,15939214.8,585172,14.332390837254655
659,24.51775263539847,13856989.8,214200,12.800564770445575
146,18.53960578238639,11748164.8,78401,7.025856397378175
423,23.32317983038614,12959414.8,143667,11.887744017460928
866,24.76557381905115,14613639.8,307697,13.017423728502996
75,17.07985200511729,11419114.8,62325,5.362664140084462
595,24.401103519780964,13515939.8,245308,12.515913962229702
889,24.831073102910143,14697914.8,308697,12.933999736004568
616,24.428042139374583,13699314.8,202838,12.516262624986382
315,22.06239620819593,12507139.8,203507,10.483080515838653
477,23.894826550857093,13171689.8,193839,12.15917662316599
765,24.58587990103601,14036389.8,264710,12.850229973321746
153,18.818242702953476,11779239.8,89788,7.154480004785227
610,24.428042139374583,13675489.8,141683,12.686161661793236
977,25.367656736087785,15040014.8,394144,13.55339751770734
537,24.278684810950043,13405514.8,201483,12.403272940795404
1244,26.208062770437067,15895889.8,540295,14.422388694301068
1315,26.38274805270603,16027989.8,748679,14.575512573372198
1657,27.93850581567651,16677752.3,917287,16.066340200951206
655,24.51775263539847,13841014.8,348345,12.76329337560294
732,24.58649657645892,14117564.8,247957,12.65275753559068
1913,29.275826172199935,17148658.55,717598,17.576509108461217
1592,27.550895071449265,16530914.8,627154,15.863441182218704
1217,26.12142853846417,15844877.3,548999,14.409214622141262
1822,29.002201839238392,17002439.8,675804,17.161587890086178
1712,28.28854111884534,16788402.3,1127779,16.559671824323804
446,23.57606938545032,13047289.8,164076,11.762961398435932
71,17.07772884527911,11402939.8,73357,5.520293084610372
43,16.563142476280728,11284814.8,66341,4.893582660131601
516,24.26889326072231,13327739.8,194193,12.47571948868489
411,23.18767653208736,12905364.8,177670,11.552405789613838
1009,25.51075757972846,15168264.8,463870,13.91433691241117
813,24.6565877282272,14416264.8,256642,12.963497414750272
118,18.001371143850626,11614014.8,95012,6.302310663386369
1201,26.031533534347616,15704889.8,455991,14.31381686712226
274,21.508922857288727,12331939.8,151799,9.90680432197007
1747,28.68533314570008,16859027.3,818420,16.88718601777879
739,24.587009905883985,14142364.8,270609,12.77390191911078
377,22.90406924509412,12765214.8,149382,11.222813389384209
144,18.53960578238639,11737614.8,63585,7.120714190474977
544,24.306385814300345,13432039.8,222936,12.499966815761113
1769,28.803503253163115,16902114.8,850566,17.008984867960248
1082,25.910651642787165,15494989.8,478093,14.12223649050943
689,24.5824692248219,14018814.8,244881,12.728259562392592
666,24.56667539140568,13882764.8,227153,12.812216131616433
913,24.85448834534531,14786589.8,367606,13.06131457344787
837,24.687878302147706,14504339.8,279628,12.861256596093387
815,24.666924949852906,14424339.8,243986,12.89323092914378
213,20.377118543883952,12059339.8,163655,8.833063809532788
707,24.624154903230973,14284189.8,255569,12.58622410359412
704,24.614788903316636,14225614.8,269522,12.82438044721601
74,17.07985200511729,11415014.8,48402,5.35654791308716
629,24.50681121919731,13799689.8,226783,12.47724866908539
1516,27.291343748358383,16435414.8,534993,15.277885126335187
948,25.00992052374961,14922764.8,456577,13.340360707688973
1489,27.11350650401176,16359577.3,766059,15.313601027916992
772,24.58587990103601,14063414.8,300429,12.83142064116152
1682,28.09475513216069,16728677.3,1125005,16.32812079256889
1218,26.12142853846417,15846552.3,497980,14.208543924531362
955,25.094008811140604,14952439.8,531936,13.394948330691356
1407,26.85666387994306,16204439.8,687751,14.994936211734723
200,20.112105951385463,12004939.8,107736,8.673756985682315
1362,26.549265944326866,16119539.8,564645,15.03898297073964
630,24.50681121919731,13803414.8,226710,12.7003922203996
148,18.818242702953476,11757364.8,78179,7.171672405596411
1274,26.260600103964947,15926027.3,613898,14.376515647801297
1575,27.550895071449265,16572589.8,843676,15.802997460797402
99,17.436987824960372,11525164.8,72376,5.957471611860398
613,24.428042139374583,13687964.8,242886,12.734951826095251
402,23.18767653208736,12867964.8,140292,11.381257533423137
1047,25.785860869973376,15264289.8,426291,13.988786586206308
366,22.802816389684327,12721089.8,143657,10.955575396527792
1051,25.785860869973376,15279439.8,477267,13.87678152802914
953,25.094008811140604,14944389.8,493281,13.555069177509775
326,22.17023609386232,12553264.8,149513,10.67619178016328
1455,26.979015878699776,16293714.8,738873,15.158806708583125
1859,29.091959020044204,17072927.3,531463,17.367946922002464
1356,26.54334876729877,16106714.8,632449,14.85589620714841
641,24.443471314705103,13737264.8,252411,12.762215458807486
410,23.18767653208736,12900664.8,176492,11.596368912797216
270,21.508922857288727,12315539.8,125563,9.773272929345548
104,17.499687182590357,11550664.8,74994,6.184051495679255
1923,29.414412335486087,17194183.55,654516,17.47246080198849
378,22.90406924509412,12768964.8,160707,11.19900274065667
1060,25.829211310846997,15360839.8,457009,14.005596202737598
1251,26.208062770437067,15909002.3,628813,14.415831292198648
594,24.41233203039847,13617464.8,256441,12.439464824192829
1250,26.208062770437067,15907114.8,462255,14.340710663263607
1219,26.12142853846417,15848302.3,486458,14.252029033742351
1474,27.051202620675607,16330289.8,893649,15.333962777467269
827,24.67984730065494,14467864.8,295691,12.804435430587
1190,26.031533534347616,15683839.8,517165,14.337914421869309
345,22.53478317576969,12633389.8,169498,10.792902698180791
16,16.23028596177717,11166939.8,78407,4.403664255892363
660,24.51775263539847,13860939.8,248540,12.627952027662616
1650,28.00258467236103,16719164.8,825192,16.07783606086321
466,23.705388211609577,13124389.8,199428,12.092340605686664
1084,25.910651642787165,15502089.8,480065,14.102433863625327
1340,26.48531721972659,16075252.3,571945,14.66449484724484
820,24.67984730065494,14442214.8,276124,12.797266940914604
1554,27.480198226193966,16484589.8,591933,15.687282542410076
1361,26.54334876729877,16117364.8,637023,14.924494526329422
309,22.06239620819593,12481839.8,195768,10.363335727714242
4,16.125695983122313,11117864.8,72103,4.402391891409528
762,24.58587990103601,14025864.8,306900,12.724652665799873
855,24.71699103992661,14572364.8,303103,12.917216583833994
429,23.54574301114768,12981014.8,144678,11.75256923899318
1909,29.275826172199935,17140308.55,711253,17.570503084521512
1321,26.38274805270603,16039752.3,637404,14.614733285985864
440,23.57606938545032,13022914.8,179084,11.686268777681535
1724,28.43302270140057,16813214.8,1027758,16.72094823173737
67,16.875874900311366,11384289.8,48847,5.284567281418468
33,16.313120487511075,11239264.8,79845,4.843173725149917
1365,26.69707544881567,16124989.8,711276,14.890562965750815
663,24.56667539140568,13871814.8,250528,12.676874783695288
582,24.41233203039847,13574289.8,225070,12.60591303184105
894,24.831073102910143,14715764.8,309767,12.911858610109334
22,16.23028596177717,11189814.8,83223,4.500828004318828
1041,25.785860869973376,15241439.8,409455,14.01493186626723
760,24.605570171614524,14172914.8,294994,12.714076198297027
1364,26.69707544881567,16123127.3,723324,14.883873977506113
1457,26.98093342482905,16297464.8,723992,15.154262904576765
625,24.50681121919731,13785864.8,243603,12.609737852120338
1279,26.260600103964947,15935752.3,579849,14.432474296379617
374,22.802816389684327,12753264.8,135417,11.161911829398363
1637,27.813342672722506,16644402.3,957976,16.111605859241763
1074,25.841259649363167,15413239.8,423711,14.11091215457217
624,24.50681121919731,13782389.8,264915,12.6937032324842
1699,28.256959546795045,16762827.3,879901,16.34683933700554
1834,29.02230301855948,17024627.3,612055,17.280934647780384
512,24.13835458870117,13314364.8,199989,12.395467396949831
1981,29.598133472634466,17312671.04,694010,17.758181155405648
1434,26.937873935368604,16255127.3,635711,14.948404974124346
5,16.125695983122313,11122014.8,85164,4.402391891409528
1927,29.414412335486087,17202096.04,658540,17.76774747393108
287,21.68697606185889,12387814.8,215023,9.987915581386842
1673,27.93112570837889,16659064.8,1131747,16.265139376679812
560,24.4021875330426,13541689.8,227411,12.4904080185255
1130,26.016570661670904,15669764.8,447527,13.980206811820077
1117,25.99112399600974,15574039.8,445657,14.39031810568386
801,24.628282454864625,14326164.8,319744,12.76678712054499
1887,29.256332377518937,17126246.05,483872,17.42921823424536
353,22.6661489305172,12667639.8,140864,10.94284483846874
1658,27.93850581567651,16679352.3,817534,15.976728042205572
1300,26.365172907884524,15999764.8,609893,14.489054820684778
920,24.85448834534531,14813064.8,366087,13.131184253435745
541,24.306385814300345,13421064.8,188294,12.513212042285565
1788,28.87228970499818,16937652.3,538133,17.10582594491606
1535,27.359212392633054,16448002.3,640696,15.530937760256265
1249,26.208062770437067,15905352.3,498339,14.44819657366047
13,16.23028596177717,11155689.8,83723,4.403664255892363
376,22.84667216962393,12761164.8,154712,11.222813389384209
587,24.41233203039847,13592389.8,221393,12.52975167080796
1226,26.12142853846417,15861177.3,500357,14.27308244735645
265,21.305228324763863,12293664.8,159734,9.735198104398354
1577,27.51223757993858,16499464.8,578206,15.310497317151874
720,24.586320517129383,14075064.8,245910,12.732110854625246
1810,28.976493482528184,16979752.3,587020,17.253011483707223
1947,29.537596259585182,17249996.04,621242,17.75708222111649
1838,29.05171690376577,17032052.3,483628,17.232811275785124
1749,28.68533314570008,16863152.3,852830,16.969772608943487
1519,27.291343748358383,16440789.8,743276,15.530109887037309
1739,28.586532560955984,16843602.3,714666,16.833256178078766
1120,26.016570661670904,15635589.8,492139,14.135557252370097
1428,26.88868369117783,16244002.3,683505,14.998263574554365
822,24.67984730065494,14449864.8,298805,12.919038813301494
1312,26.38274805270603,16022364.8,703995,14.71237175701385
929,24.910618767897788,14848014.8,402214,13.26404847020923
1111,25.99112399600974,15551839.8,511728,14.124142238648629
1355,26.54334876729877,16104602.3,551772,14.843991307466522
1678,27.93112570837889,16669914.8,1145180,16.310344813924797
810,24.6565877282272,14405739.8,284027,12.781175858050092
284,21.68697606185889,12375364.8,129082,9.88720160601325
1827,29.02230301855948,17011677.3,683386,17.147403255245177
230,20.62714127426235,12137889.8,158826,9.093290710222908
449,23.57606938545032,13058064.8,177638,11.762961398435932
109,17.743610416446685,11572914.8,57548,6.108339673850882
1997,29.60232049898868,17316021.04,685201,17.74149044304165
1292,26.26452938210484,15960139.8,539464,14.408829147406824
576,24.4196180584546,13656389.8,208496,12.619843602378625
1445,26.979015878699776,16275614.8,687253,15.17887427161492
542,24.306385814300345,13424939.8,211102,12.513212042285565
615,24.428042139374583,13695814.8,214837,12.608200120264996
1791,28.87228970499818,16943114.8,602500,17.079850458267785
1701,28.256959546795045,16766552.3,1032417,16.491420565633067
1974,29.598133472634466,17299521.04,628119,17.71592134621484
919,24.85448834534531,14809264.8,431450,12.957414978428163
1512,27.291343748358383,16428327.3,755253,15.415506504197998
639,24.443471314705103,13729239.8,194238,12.669842138805953
984,25.367656736087785,15068139.8,432753,13.685249648845016
484,23.894826550857093,13199614.8,193251,12.18976004661383
443,23.57606938545032,13035114.8,170489,11.827919294617644
999,25.45065365565875,15126114.8,517175,13.790021448744662
1558,27.480198226193966,16492514.8,538559,15.605044444085191
1063,25.829211310846997,15372539.8,668735,14.150962052376796
869,24.771931291176426,14624789.8,316949,12.89727941671292
713,24.624154903230973,14305639.8,258038,12.869695643446809
1777,28.82190868070583,16917527.3,764106,17.06763359510148
1993,29.63923514832001,17385446.04,699171,17.91044390115417
1466,26.98093342482905,16314527.3,872106,15.287794297135743
1241,26.1438008362187,15889589.8,488936,14.238661652249071
958,25.094008811140604,14965439.8,494618,13.53964470724734
500,24.048304452243958,13264139.8,154090,12.393948668094945
981,25.367656736087785,15055664.8,430305,13.519264511411889
217,20.377118543883952,12077464.8,184281,8.701727807586831
1606,27.726331295732876,16583602.3,568729,16.024351778843414
924,24.885282757501617,14828114.8,375284,13.269714207710583
1118,25.99112399600974,15578539.8,516632,14.3738793790453
1573,27.550895071449265,16569489.8,633972,15.479025387032175
1756,28.719583068743155,16876664.8,714645,16.86379726715778
1207,26.10316319048687,15826239.8,495671,14.337693743751212
1394,26.812310712393256,16179777.3,700730,15.005392501164204
1178,26.08455800265584,15800327.3,467862,14.12962565663201
938,25.00992052374961,14883464.8,364227,13.229818833301678
691,24.567385726424003,13919139.8,261333,12.868325246009462
1021,25.69307913652241,15218939.8,479779,13.880779488850187
1357,26.54334876729877,16108689.8,657197,14.788592525610094
1186,26.08455800265584,15813389.8,450533,14.048936741349127
19,16.23028596177717,11177789.8,71628,4.417177975063191
1151,26.06560008891122,15724439.8,529844,14.362699460148752
1384,26.76827115098242,16161414.8,669492,15.045371164357004
1765,28.73296119468933,16894202.3,819981,17.020982850688817
1986,29.63923514832001,17373171.04,646076,17.72812234422696
26,16.313120487511075,11206639.8,73955,4.64356067190579
1419,26.88868369117783,16227139.8,651290,14.98366477513772
1767,28.73296119468933,16898402.3,930026,17.107994227543315
676,24.56983383207707,13969139.8,269305,12.648216854694338
404,23.18767653208736,12875264.8,166164,11.283277125066286
1005,25.51075757972846,15151064.8,480130,13.881366892591595
1494,27.11350650401176,16370214.8,883252,15.553816563071631
1796,28.880922852142884,16952352.3,423281,17.157481302132723
1994,29.63923514832001,17387133.54,678723,17.72812234422696
1933,29.48575538431799,17213721.04,620660,17.731189214749328
95,17.436987824960372,11505914.8,60253,5.761597088409145
1153,26.06560008891122,15731764.8,483625,14.24114425254118
1261,26.280093898645948,15978914.8,547741,14.313225495049323
1263,26.280093898645948,15982389.8,501726,14.417022290614655
62,16.875874900311366,11361589.8,64157,5.115066413198871
778,24.62911756626158,14340564.8,282519,12.893467638434217
1622,27.74434980123555,16613864.8,800806,16.012143299755937
1711,28.28854111884534,16786377.3,1171166,16.596039468931014
1331,26.459838134425603,16058114.8,683218,14.71218422936366
758,24.61114956518841,14214889.8,293460,12.850341077759726
1299,26.365172907884524,15998027.3,579558,14.407224799828365
179,19.7840359724619,11911014.8,65295,8.143131412392691
113,17.743610416446685,11592389.8,83887,6.264094203225896
1886,29.256332377518937,17124408.55,567603,17.387545538022557
445,23.57606938545032,13043414.8,187533,11.762961398435932
453,23.65373621088103,13073064.8,174441,11.840628224020808
403,23.18767653208736,12871364.8,173347,11.283277125066286
954,25.094008811140604,14948389.8,460519,13.441740492254675
1785,28.87228970499818,16932252.3,573438,17.079850458267785
1530,27.287121363478537,16410002.3,549467,15.396840339028849
49,16.777647695134004,11308789.8,69145,4.944200024156333
1935,29.48575538431799,17217621.04,502019,17.743767996956187
1736,28.586532560955984,16837527.3,676289,16.532835079958247
1705,28.256959546795045,16774339.8,1007352,16.535314759359235
1679,27.93112570837889,16672139.8,1145916,16.293631333196732
1751,28.68533314570008,16867027.3,788520,16.74510350444096
1000,25.476856028052776,15130114.8,533783,13.79384751487533
1316,26.38274805270603,16030164.8,768077,14.7296632570744
457,23.65373621088103,13088864.8,174617,11.966580632776706
826,24.67984730065494,14464289.8,316578,12.804435430587
1410,26.85666387994306,16210102.3,697665,15.043055460021144
1268,26.280093898645948,15990752.3,624199,14.359035035835085
1726,28.43302270140057,16817777.3,985152,16.846111374723566
896,24.831073102910143,14722989.8,309792,13.037899330884516
1849,29.07085624397647,17052652.3,569804,17.237041351521732
698,24.567385726424003,13946564.8,260564,12.706158491286574
1122,26.016570661670904,15642439.8,529637,14.135557252370097
277,21.508922857288727,12345914.8,135418,9.959726723835416
302,21.864162466385118,12454564.8,185097,10.251114860426616
1237,26.1438008362187,15882164.8,505154,14.216355891326913
1962,29.579784333966263,17277383.54,620772,17.64541788760437
1621,27.74434980123555,16611852.3,689838,16.134745621694332
802,24.6565877282272,14376164.8,319701,12.816267177851662
1960,29.579784333966263,17273883.54,599503,17.886579944436768
1014,25.69307913652241,15190464.8,507109,14.006731897279018
1579,27.51223757993858,16502714.8,749676,15.738801917143054
809,24.6565877282272,14401839.8,290314,12.802378065639708
182,19.7840359724619,11924264.8,95946,8.245096338951482
236,20.88956233817724,12165489.8,152460,9.141412247785937
149,18.818242702953476,11761814.8,78099,7.171672405596411
468,23.705388211609577,13133289.8,200262,11.944579723833288
1006,25.51075757972846,15155089.8,600635,13.864465081959224
968,25.26067814705501,15004564.8,377621,13.341463654169496
611,24.428042139374583,13679614.8,208903,12.686161661793236
1404,26.85666387994306,16198977.3,694648,15.02954174087037
1608,27.726331295732876,16586977.3,658174,15.74067772783398
1171,26.08455800265584,15787902.3,452552,14.17464962146522
1632,27.813342672722506,16633752.3,910174,16.175395597337623
1590,27.550895071449265,16526614.8,768389,15.90402646241954
532,24.278684810950043,13387414.8,210594,12.472265812309722
58,16.777647695134004,11345789.8,68612,5.140224972529152
1329,26.459838134425603,16054139.8,651525,14.570533708842149
1432,26.937873935368604,16251364.8,652269,15.182686269881629
1520,27.291343748358383,16442289.8,621633,15.261355824438038
1811,28.976493482528184,16981514.8,738315,17.108021173310547
1001,25.51075757972846,15133989.8,529075,13.730933689552351
1232,26.1438008362187,15872989.8,491556,14.375862773527436
1266,26.280093898645948,15987514.8,588298,14.504620349225569
1216,26.1077608997355,15842827.3,500187,14.307215452128998
637,24.443471314705103,13721689.8,200594,12.762215458807486
1417,26.88868369117783,16223377.3,685027,15.127255694708383
701,24.567385726424003,13957764.8,260939,12.74076402032584
840,24.687878302147706,14515439.8,288422,12.894704530217304
1943,29.537596259585182,17242108.54,502611,17.87342121325227
1833,29.02230301855948,17022627.3,665088,17.140234765663756
1873,29.22838644712838,17099421.05,436137,17.467720638947288
183,19.7840359724619,11929539.8,96937,8.214005752052795
1750,28.68533314570008,16865389.8,937586,17.057291986991032
761,24.58587990103601,14022114.8,310813,12.714076198297027
1347,26.48531721972659,16088639.8,645716,14.601756502222116
841,24.687878302147706,14519189.8,277372,12.914249126223844
1824,29.02230301855948,17006014.8,541897,17.268355865391506
508,24.118771488869186,13298214.8,204079,12.357963001320089
851,24.71699103992661,14556939.8,284867,12.86975004674342
34,16.313120487511075,11244589.8,78619,5.054355881075528
1860,29.091959020044204,17075214.8,702904,17.483682873985448
235,20.88956233817724,12161214.8,124084,9.141412247785937
1054,25.829211310846997,15338789.8,437424,14.03244345261498
379,22.90406924509412,12773239.8,176834,11.291021639378426
107,17.743610416446685,11563314.8,82518,6.074050600426562
1452,26.979015878699776,16288402.3,686367,15.138328177259382
882,24.80647110755387,14672589.8,329484,13.050971412607318
1042,25.785860869973376,15245289.8,465717,13.86934654955566
111,17.743610416446685,11582089.8,79844,6.254432292328943
1977,29.598133472634466,17305133.54,552202,17.80532793387984
1262,26.280093898645948,15980614.8,532160,14.373850121586065
1348,26.48531721972659,16090727.3,597145,14.78527638257204
1258,26.280093898645948,15973777.3,514281,14.28950897241995
98,17.436987824960372,11520039.8,75667,5.790417527150205
510,24.118771488869186,13306164.8,199169,12.395467396949831
1402,26.823584788966475,16195489.8,734179,15.056388990875089
9,16.125695983122313,11138739.8,84293,4.473427664607467
250,21.072852696159597,12225239.8,178920,9.486907020357208
1156,26.06560008891122,15742864.8,506973,14.261346960642728
1563,27.550895071449265,16551752.3,737678,15.70390655821598
79,17.07985200511729,11436114.8,58759,5.493906329122371
985,25.367656736087785,15072389.8,448116,13.685249648845016
253,21.072852696159597,12239664.8,134119,9.564066100952632
1068,25.841259649363167,15390164.8,466510,14.013748405905885
1152,26.06560008891122,15728089.8,501782,14.24114425254118
1162,26.08455800265584,15767139.8,465240,14.21101726538671
1114,25.99112399600974,15562189.8,460727,13.971172893806504
133,18.280648469395757,11685214.8,74674,6.801132256364349
1173,26.08455800265584,15791727.3,434166,14.273321147050815
1693,28.256959546795045,16752214.8,1048091,16.38320698109118
1740,28.586532560955984,16845827.3,720912,16.952444695404335
1875,29.244451049632183,17103408.55,621857,17.482210764425865
1087,25.910651642787165,15513564.8,440135,14.054643199767984
1052,25.810862172178798,15282839.8,437659,13.942417300846428
878,24.80647110755387,14657239.8,310240,13.013297335645747
1930,29.48575538431799,17208033.54,611815,17.679229475818616
657,24.51775263539847,13848664.8,272575,12.782102707724093
577,24.4196180584546,13660314.8,187096,12.65241977291707
1121,26.016570661670904,15638964.8,460231,14.121064245242431
962,25.26067814705501,14981539.8,505082,13.487048971201052
770,24.58587990103601,14056489.8,361008,12.83142064116152
1925,29.414412335486087,17198033.55,649793,17.653509284074815
941,25.00992052374961,14895039.8,414002,13.176472852729258
992,25.45065365565875,15098364.8,472936,13.80151582815633
1158,26.06560008891122,15750464.8,446260,14.254657974382717
1105,25.910651642787165,15480739.8,495896,14.154286980765551
169,19.405494234961303,11858464.8,81452,7.74173153667418
998,25.45065365565875,15122064.8,487622,13.748717642548428
304,22.06239620819593,12462689.8,181720,10.249288221225996
473,23.705388211609577,13153739.8,200708,11.99427939267682
1155,26.06560008891122,15739114.8,466288,14.234318289395048
1941,29.504360572149025,17228846.04,632142,17.703736240525576
1090,25.910651642787165,15523639.8,495022,13.935985655656705
1799,28.886637153406323,16958177.3,568015,17.060317553751254
407,23.18767653208736,12887389.8,175276,11.414047356150451
1220,26.12142853846417,15850214.8,477624,14.333707069470682
1572,27.550895071449265,16568052.3,617442,15.601627709044347
667,24.56667539140568,13886564.8,241525,12.654895876983453
964,25.26067814705501,14989389.8,502101,13.480576456726098
949,25.01212500835963,14926739.8,430043,13.340360707688973
1227,26.12142853846417,15862952.3,491674,14.266113772765395
839,24.687878302147706,14511539.8,302537,12.84755775186954
452,23.65373621088103,13069314.8,183882,11.918086282786795
1950,29.537596259585182,17255621.04,495998,17.689942918268073
1449,26.979015878699776,16282777.3,723144,15.12443906502234
515,24.26889326072231,13324314.8,235291,12.38631290125224
420,23.32317983038614,12945664.8,175359,11.64778909364908
1484,27.11350650401176,16349577.3,806743,15.333273793398112
856,24.74747597543008,14576264.8,265574,12.97240004721234
626,24.50681121919731,13789314.8,279100,12.609737852120338
1109,25.99112399600974,15544839.8,459068,14.145195647494536
1027,25.817016037753174,15296839.8,538813,13.870507943129532
1378,26.76827115098242,16150114.8,717417,14.968900800219968
351,22.56827390040841,12659664.8,157385,10.89895064488771
1948,29.537596259585182,17251933.54,651131,17.763554735584524
1891,29.30998509101126,17157296.05,545559,17.41359776888606
1399,26.812310712393256,16189839.8,699527,15.02519512865129
398,23.070415047320992,12852289.8,187100,11.48980271725692
1129,26.016570661670904,15666789.8,496183,14.156910376942935
437,23.546723132680093,13011564.8,153831,11.834634192471936
1742,28.59037133726315,16850264.8,999121,17.00570461826493
1172,26.08455800265584,15789864.8,467772,14.325620652200056
2007,29.60232049898868,17333583.54,708285,17.769270007132512
1691,28.09475513216069,16748189.8,1176110,16.49862061035824
670,24.56667539140568,13897564.8,282537,12.78657370110581
2001,29.60232049898868,17323396.04,683587,17.82261598798977
1936,29.48575538431799,17219433.54,514313,17.645327924251504
1194,26.031533534347616,15691789.8,447578,14.211162716182072
584,24.41233203039847,13581614.8,191147,12.572011480072897
1548,27.451894450031112,16473339.8,681607,15.700354623889517
1556,27.480198226193966,16488552.3,665795,15.8507878273633
365,22.802816389684327,12717064.8,154494,11.109726076230332
231,20.62714127426235,12142864.8,181247,9.185365389220609
509,24.118771488869186,13302414.8,205215,12.357963001320089
748,24.61114956518841,14179764.8,255639,12.749922329909149
1609,27.726331295732876,16588702.3,728985,15.839617675617015
633,24.50681121919731,13813039.8,205059,12.526038833400056
1202,26.0364718159882,15706714.8,500686,14.271444359136416
773,24.58587990103601,14067389.8,282778,12.83142064116152
44,16.563142476280728,11289314.8,75762,4.893582660131601
1311,26.379257647766263,16020214.8,732676,14.534690579436525
714,24.624154903230973,14308689.8,226612,12.73435429547629
172,19.405494234961303,11873814.8,73525,7.89174485029814
401,23.18767653208736,12864089.8,174187,11.367834512992337
1440,26.937873935368604,16266552.3,690857,15.117303510849498
389,23.070415047320992,12815689.8,187257,11.270640591339491
127,18.280648469395757,11658189.8,70424,6.710618248775504
170,19.405494234961303,11863264.8,86021,7.74173153667418
1196,26.031533534347616,15695189.8,491165,14.042264179526368
1072,25.841259649363167,15405589.8,446278,14.006922440599544
1426,26.88868369117783,16240339.8,600367,14.95381181199746
1805,28.886637153406323,16970002.3,565732,17.16975139459946
1697,28.256959546795045,16759239.8,980574,16.3760384914746
28,16.313120487511075,11214789.8,80522,4.625964909229596
1540,27.41410811436497,16457402.3,717067,15.600410133162788
669,24.56667539140568,13893614.8,276725,12.760256392609358
870,24.80647110755387,14628464.8,314363,12.959230114301125
1718,28.387143095649883,16801102.3,943080,16.618949063697773
1469,26.98093342482905,16320802.3,794529,15.207255434749412
1318,26.38274805270603,16033814.8,616032,14.470152059273255
1866,29.22838644712838,17086208.55,529728,17.255661920094326
1228,26.12142853846417,15864889.8,446010,14.346694260616998
1937,29.48575538431799,17221308.54,623598,17.679229475818616
30,16.313120487511075,11223639.8,75446,4.78433322574799
1065,25.829211310846997,15379314.8,419593,13.84347735285764
1089,25.910651642787165,15520464.8,457552,13.974600491569571
2003,29.60232049898868,17326521.04,659220,17.70564431139232
0,16.125695983122313,11102989.8,83564,4.278454990253616
1366,26.69707544881567,16126927.3,721023,14.936173476974613
555,24.4021875330426,13523539.8,222198,12.6349892474162
1591,27.550895071449265,16528802.3,825480,15.898328441257476
1420,26.88868369117783,16228914.8,693278,15.026836946989787
1896,29.30998509101126,17166783.55,666042,17.49756314898686
337,22.334074926687094,12601214.8,169394,10.820325542037509
951,25.094008811140604,14934789.8,455232,13.34585872059252
390,23.070415047320992,12819639.8,170969,11.113173158890191
1635,27.813342672722506,16640177.3,981728,16.197618734111956
636,24.48347365610448,13771814.8,251617,12.689012055009202
249,21.072852696159597,12220589.8,136208,9.43194813577224
305,22.06239620819593,12466189.8,159491,10.249288221225996
861,24.76557381905115,14594464.8,303153,12.89727941671292
1842,29.05171690376577,17039414.8,629548,17.11840092462726
775,24.62911756626158,14329764.8,321008,12.624247628889629
1812,28.976493482528184,16983539.8,608590,17.246857618398735
1264,26.280093898645948,15984014.8,482676,14.328729681024134
431,23.54574301114768,12988364.8,183763,11.732635024477894
1193,26.031533534347616,15689939.8,425211,14.33194425485084
186,19.7840359724619,11944589.8,83335,8.26529904633201
229,20.62714127426235,12132814.8,177669,9.093290710222908
605,24.398494321785293,13504414.8,210413,12.65661384408755
1126,26.016570661670904,15656214.8,477711,14.0452704052406
105,17.743610416446685,11554864.8,78215,6.044549935959569
219,20.377118543883952,12086914.8,169434,8.817559623065183
777,24.62911756626158,14336664.8,323293,12.849015875783376
1301,26.365172907884524,16001439.8,609321,14.445252198254698
18,16.23028596177717,11174564.8,64189,4.340485354316039
1472,27.051202620675607,16326264.8,745640,15.271048951994112
1713,28.28854111884534,16790477.3,1158259,16.58406327774236
1695,28.256959546795045,16755564.8,1002360,16.324366480719558
843,24.716082619684663,14527264.8,297783,12.930374668544708
884,24.831073102910143,14679764.8,311843,12.842332547401478
368,22.802816389684327,12728414.8,156430,11.00964261764184
1462,26.98093342482905,16307064.8,787411,15.226425350776877
868,24.76557381905115,14621189.8,299222,12.952465832281892
464,23.69546213595378,13115414.8,173894,11.96973828361869
92,17.257752652703065,11492389.8,114305,5.661054184795112
569,24.4196180584546,13631364.8,199165,12.42284533110742
940,25.00992052374961,14891189.8,359600,13.196812536961296
1780,28.82190868070583,16923077.3,593940,17.054894569398456
503,24.118771488869186,13276314.8,220221,12.431615910826228
1998,29.60232049898868,17317808.54,593963,17.74850801579408
476,23.894826550857093,13167564.8,187301,12.140367290840365
986,25.367656736087785,15076639.8,456763,13.719935206825138
668,24.56667539140568,13890114.8,282492,12.654895876983453
1443,26.97324107920589,16272002.3,611531,15.005781521435834
1831,29.02230301855948,17019014.8,533415,17.125741758151072
828,24.67984730065494,14471289.8,272880,12.92706981477212
956,25.094008811140604,14955989.8,478113,13.280900824369274
1509,27.291343748358383,16422964.8,628651,15.450597823995343
1652,28.00258467236103,16722914.8,860914,16.157300232250716
1206,26.10316319048687,15824302.3,508749,14.324790337528546
1414,26.85666387994306,16217577.3,675317,14.994936211734723
937,25.00078948510978,14879764.8,384100,13.216746751857226
1772,28.82190868070583,16908052.3,915698,17.09263489716359
1078,25.841259649363167,15429189.8,495154,14.07956162436575
242,20.88956233817724,12190814.8,129269,9.083143339664105
690,24.58225835311633,13972689.8,274913,12.789295452971157
530,24.278684810950043,13380339.8,208726,12.492068439388037
1783,28.87228970499818,16928764.8,582460,17.099395054431994
780,24.62911756626158,14347589.8,263209,12.6160843183314
829,24.684394484547,14475314.8,273178,12.776098787770392
73,17.07985200511729,11410714.8,63116,5.35654791308716
1221,26.12142853846417,15851789.8,464611,14.139551054008706
1614,27.726331295732876,16598214.8,624785,15.779898440925557
1302,26.365172907884524,16003277.3,646475,14.537844981454889
1790,28.87228970499818,16941214.8,584461,17.066605231584017
1341,26.48531721972659,16077202.3,463524,14.7171385797868
1235,26.1438008362187,15878689.8,509415,14.419756967207272
497,24.03485322821861,13251514.8,229112,12.267654942746749
101,17.436987824960372,11535289.8,59304,5.9132383568380815
854,24.71699103992661,14568714.8,290569,12.936889349510826
7,16.125695983122313,11130339.8,102388,4.420629478980707
1988,29.63923514832001,17376596.04,642600,17.792660865476968
1903,29.27967974151593,17152458.55,688584,17.527419498293952
1176,26.08455800265584,15797052.3,477671,14.280448540961377
803,24.6565877282272,14379864.8,296403,12.816267177851662
617,24.428042139374583,13702989.8,231570,12.516262624986382
59,16.820095741118013,11350014.8,60980,5.140224972529152
1395,26.812310712393256,16181814.8,766916,15.106744995538133
52,16.777647695134004,11321239.8,58577,5.131077397518533
766,24.58587990103601,14040839.8,267857,12.886819420631408
126,18.218989756569385,11653714.8,76878,6.557344377471842
1436,26.937873935368604,16258989.8,701254,15.11052382380675
1177,26.08455800265584,15798714.8,446246,14.160162378959823
804,24.6565877282272,14383464.8,285096,12.87648603793114
66,16.875874900311366,11379639.8,56535,5.2899292247469
1127,26.016570661670904,15659789.8,508356,14.170896618749854
1952,29.537596259585182,17258996.04,629625,17.556411525762215
1132,26.016570661670904,15678264.8,511064,14.336881756182883
926,24.910618767897788,14836139.8,358038,13.211558287549376
25,16.313120487511075,11202239.8,69622,4.64356067190579
1310,26.365172907884524,16018427.3,596125,14.531019020063209
1160,26.07037336766388,15758089.8,504550,14.28665468409612
1025,25.817016037753174,15290464.8,500214,14.065568525784782
1029,25.817016037753174,15303189.8,468940,13.81515784826952
1846,29.05171690376577,17046952.3,622918,17.29184480747587
335,22.334074926687094,12591189.8,179680,10.704406439770052
31,16.313120487511075,11228964.8,67761,4.814186188578035
1363,26.69707544881567,16121264.8,620376,14.814401604782798
1305,26.365172907884524,16009114.8,664484,14.584364998634928
1714,28.28854111884534,16792527.3,1150333,16.571941917064613
1483,27.09316681977464,16347652.3,876753,15.420285170497342
2,16.125695983122313,11109764.8,82804,4.2990742774789865
385,22.90406924509412,12799389.8,157821,11.205008764691474
1623,27.74434980123555,16615864.8,826210,16.00591274999766
308,22.06239620819593,12477514.8,202141,10.326746280385873
282,21.68697606185889,12367364.8,165384,10.034707743014389
361,22.6661489305172,12701164.8,171817,10.96108242602811
1808,28.886637153406323,16976002.3,646935,17.17583044078806
1326,26.459838134425603,16048764.8,585323,14.620013769606205
1698,28.256959546795045,16761139.8,1023773,16.46544507942909
742,24.587009905883985,14154114.8,248774,12.711598035641032
1393,26.812310712393256,16177902.3,634528,14.929231140413153
1243,26.18285135109057,15893977.3,465836,14.61769744465262
1856,29.091959020044204,17066914.8,627768,17.409995158185282
442,23.57606938545032,13030814.8,175064,11.827919294617644
106,17.743610416446685,11559114.8,75757,6.074050600426562
1553,27.480198226193966,16482689.8,477477,15.667348327410137
483,23.894826550857093,13195289.8,188383,12.276269289259174
419,23.32317983038614,12940989.8,175672,11.794392568198434
862,24.76557381905115,14598739.8,286880,13.078418241158522
923,24.85448834534531,14823914.8,394737,13.000278682815416
1719,28.43302270140057,16803039.8,967584,16.658427874632462
355,22.6661489305172,12676364.8,142023,10.886047240044604
136,18.283356528689627,11701089.8,54053,6.932037642553838
903,24.832233384925196,14748689.8,356706,12.991912834541848
140,18.53960578238639,11718064.8,79094,6.739831326156974
2008,29.60232049898868,17335508.54,697601,17.82261598798977
1517,27.291343748358383,16437189.8,704387,15.429691139144456
1911,29.275826172199935,17144508.55,776511,17.634665028585438
125,18.001371143850626,11649639.8,72100,6.404672676174698
1167,26.08455800265584,15781052.3,492779,14.232219476851329
135,18.280648469395757,11695639.8,66571,6.838872584318354
1290,26.26452938210484,15956264.8,557455,14.539734717848605
536,24.278684810950043,13402089.8,231449,12.359470318204409
1926,29.414412335486087,17199896.05,629986,17.60120978482807
1727,28.43302270140057,16819864.8,944996,16.7329965706009
1882,29.256332377518937,17117283.55,612977,17.422392269339255
1983,29.63923514832001,17368146.04,688115,17.690382016405557
330,22.334074926687094,12570189.8,183144,10.726506786780533
825,24.67984730065494,14460964.8,293112,12.699074914684855
1683,28.09475513216069,16730852.3,1187736,16.437320085009038
371,22.802816389684327,12740364.8,161715,11.07951229772106
674,24.56667539140568,13912014.8,237139,12.812216131616433
538,24.278684810950043,13409339.8,210565,12.60329407469596
1910,29.275826172199935,17142296.05,718928,17.527419498293952
42,16.563142476280728,11280164.8,63763,5.008778372417193
1044,25.785860869973376,15253364.8,440705,14.052911115060065
1914,29.275826172199935,17150471.05,564178,17.435249038553266
490,24.03485322821861,13224414.8,172493,12.335792747843586
1774,28.82190868070583,16911627.3,810973,16.946680984556686
1939,29.48575538431799,17225158.54,638156,17.743767996956187
1390,26.812310712393256,16172602.3,597242,14.89259700721867
441,23.57606938545032,13026514.8,167273,11.900678648938484
1544,27.41410811436497,16465502.3,533040,15.743958303881504
1336,26.459838134425603,16067514.8,647978,14.693136030392171
1529,27.287121363478537,16408277.3,641547,15.57553212761514
558,24.4021875330426,13534789.8,212028,12.533893130593324
1015,25.69307913652241,15194564.8,496638,14.006731897279018
763,24.58587990103601,14029414.8,292969,12.724652665799873
741,24.587009905883985,14150064.8,274468,12.857551948390707
295,21.864162466385118,12423964.8,180978,10.171072152694215
1929,29.48575538431799,17206158.54,477955,17.712019298743172
1233,26.1438008362187,15874914.8,494413,14.362959364605487
1100,25.910651642787165,15460514.8,457956,14.141547955527171
298,21.864162466385118,12436464.8,163493,10.251114860426616
1599,27.550895071449265,16546077.3,647176,15.863441182218704
406,23.18767653208736,12883089.8,173915,11.414047356150451
373,22.802816389684327,12748789.8,162493,11.161911829398363
276,21.508922857288727,12341264.8,135007,9.87365211489954
1045,25.785860869973376,15257364.8,424621,14.06525695085333
246,21.064065581383943,12208214.8,137759,9.349548604560626
481,23.894826550857093,13186739.8,180432,12.18976004661383
654,24.51775263539847,13837514.8,262189,12.5985381426423
568,24.4196180584546,13628189.8,214251,12.42284533110742
943,25.00992052374961,14902814.8,489674,13.203501525048967
137,18.53960578238639,11705614.8,54801,6.932037642553838
797,24.6232570483854,14262914.8,324880,12.803415029332994
1537,27.41410811436497,16451627.3,609552,15.690214027888192
1944,29.537596259585182,17244421.04,664869,17.940485443774886
675,24.56667539140568,13915514.8,256276,12.799477105751592
1585,27.51223757993858,16514552.3,694986,15.795243228039096
459,23.65373621088103,13096789.8,171114,11.741956696230885
1985,29.63923514832001,17371483.54,598361,17.77867462356293
1408,26.85666387994306,16206289.8,705823,15.03632142784772
1818,28.976493482528184,16995377.3,642656,17.18969920436853
1346,26.48531721972659,16086914.8,717134,14.748686938257908
57,16.777647695134004,11341564.8,61024,5.084557382165078
1214,26.10316319048687,15839064.8,456265,14.257651037461864
1030,25.817016037753174,15307064.8,525418,13.979707235355624
489,24.03485322821861,13220189.8,189170,12.286703137655348
1966,29.579784333966263,17284333.54,638235,17.71844302254587
708,24.624154903230973,14287514.8,247529,12.762927668057367
890,24.831073102910143,14701414.8,314037,12.933999736004568
599,24.398494321785293,13481189.8,237395,12.558173771241336
845,24.71699103992661,14534489.8,307879,12.956182552520646
471,23.705388211609577,13145539.8,194468,12.02999747518133
2000,29.60232049898868,17321471.04,676895,17.82908850240035
1422,26.88868369117783,16232752.3,678638,15.06822216314057
1869,29.22838644712838,17091558.55,658357,17.374319463817173
740,24.587009905883985,14146314.8,266171,12.77390191911078
638,24.443471314705103,13725789.8,214531,12.762215458807486
935,24.910618767897788,14871789.8,376446,13.252619774279864
543,24.306385814300345,13428064.8,213737,12.49327782753778
1968,29.58120782175112,17288208.54,628587,17.81840001535588
1238,26.1438008362187,15884052.3,533341,14.356444687614356
586,24.41233203039847,13588839.8,246001,12.52975167080796
1386,26.76827115098242,16165264.8,630944,14.886094896708274
1526,27.287121363478537,16402589.8,651108,15.473532959703896
1448,26.979015878699776,16280989.8,709072,15.145201056452269
731,24.586320517129383,14114039.8,268349,12.759698811152116
1916,29.414412335486087,17180646.05,636120,17.495103278797963
910,24.832233384925196,14774864.8,350477,12.927833977920994
165,19.05874455844729,11836289.8,87648,7.794649850507838
1359,26.54334876729877,16112739.8,685645,14.885052794443071
1017,25.69307913652241,15203639.8,471892,13.945737384394365
1125,26.016570661670904,15653039.8,548662,14.177817061860289
460,23.65373621088103,13099989.8,175562,11.71948384106568
1692,28.17334540675391,16750464.8,1197857,16.64557124585372
82,17.11805424179008,11449864.8,60318,5.417432102209337
1374,26.69707544881567,16142877.3,715695,14.883873977506113
1668,27.93850581567651,16674002.3,907143,16.115794088494233
1197,26.031533534347616,15697077.3,531356,14.237830960783874
367,22.802816389684327,12724639.8,116955,11.009642617807256
717,24.624154903230973,14318939.8,252184,12.719755496133176
850,24.71699103992661,14553189.8,287960,13.005882221110133
291,21.68697606185889,12406589.8,127413,10.159095961748914
1533,27.287121363478537,16416839.8,749635,15.645736386340875
846,24.71699103992661,14537864.8,288411,12.827190432156703
549,24.306385814300345,13452289.8,173719,12.589197949389067
1293,26.26452938210484,15962289.8,633190,14.5934789922772
907,24.832233384925196,14763614.8,372966,13.058604209025818
151,18.818242702953476,11770489.8,71310,7.101054838064003
425,23.54574301114768,12966639.8,182748,11.557002455757672
1542,27.41410811436497,16461352.3,749779,15.63341642951
63,16.875874900311366,11366189.8,66024,5.194619044791311
1583,27.51223757993858,16510327.3,797085,15.789127001084358
1770,28.82190868070583,16904064.8,836894,17.054894569398456
1333,26.459838134425603,16061727.3,550962,14.563260950336424
1664,27.93850581567651,16691127.3,989857,16.289483752265415
1342,26.48531721972659,16079189.8,703956,14.742456386147458
504,24.118771488869186,13280964.8,193625,12.522073021268357
393,23.070415047320992,12830789.8,171711,11.34711095524378
696,24.567385726424003,13939189.8,236711,12.76761127048618
1283,26.260600103964947,15942602.3,547623,14.195631905614636
68,16.875874900311366,11389089.8,63045,5.284567281418468
1626,27.74434980123555,16621214.8,819164,15.843393820545948
1497,27.24388696450511,16376164.8,800493,15.443759147246892
1979,29.598133472634466,17309146.04,672475,17.84404244597153
712,24.624154903230973,14301914.8,275339,12.869695643446809
310,22.06239620819593,12485989.8,180964,10.410127889193944
110,17.743610416446685,11577339.8,78552,6.108339673850882
1819,28.976493482528184,16997364.8,774318,17.228165485215712
1163,26.08455800265584,15770564.8,467526,14.19662853213078
631,24.50681121919731,13806789.8,224380,12.510038491883783
972,25.26067814705501,15021714.8,415368,13.467504375079656
1686,28.09475513216069,16736989.8,1096932,16.32812079256889
1854,29.091959020044204,17062614.8,604757,17.20867065434082
333,22.334074926687094,12582414.8,167312,10.640984613303162
20,16.23028596177717,11181564.8,82536,4.417177975063191
1748,28.68533314570008,16861102.3,914744,16.98189396936787
686,24.5824692248219,14008214.8,250786,12.7141748224793
735,24.587009905883985,14128639.8,272342,12.851359978042415
1456,26.979015878699776,16295627.3,768513,15.192032356264324
1880,29.256332377518937,17113496.05,456995,17.580449204078036
1149,26.06560008891122,15717164.8,549165,14.192354088698428
1405,26.85666387994306,16200752.3,680973,14.994936211734723
1435,26.937873935368604,16257152.3,745792,15.207687572300976
1482,27.051202620675607,16345552.3,773303,15.217702971183366
279,21.508922857288727,12354739.8,169020,10.011585325534554
1291,26.26452938210484,15958364.8,572164,14.569948496070037
649,24.471802725702023,13768089.8,231900,12.711333636706597
685,24.5824692248219,14004389.8,226566,12.7141748224793
1651,28.00258467236103,16721114.8,939818,16.237342940294077
1252,26.208062770437067,15910977.3,600999,14.45454580180978
323,22.17023609386232,12539014.8,166795,10.471175613545316
523,24.26889326072231,13354639.8,189652,12.46911880476227
2005,29.60232049898868,17330008.54,580054,17.69831827120254
1248,26.208062770437067,15903389.8,559609,14.347777829803633
1458,26.98093342482905,16299164.8,727287,15.076485203589986
1406,26.85666387994306,16202664.8,738069,15.06954707543748
927,24.910618767897788,14839689.8,386718,13.117444995971676
781,24.62911756626158,14350689.8,281053,12.80927554725464
1505,27.24388696450511,16391114.8,744121,15.368121733030057
1093,25.910651642787165,15484114.8,460497,14.004346833652798
1547,27.41410811436497,16471414.8,664407,15.586896413944691
318,22.17023609386232,12518639.8,146839,10.415776834132208
1894,29.30998509101126,17163221.05,492262,17.55621187599827
702,24.567385726424003,13961414.8,237988,12.787284035894158
55,16.777647695134004,11333039.8,61381,5.202340417752665
642,24.443471314705103,13741239.8,227069,12.53169180030184
622,24.50681121919731,13774989.8,255508,12.70703676318896
1879,29.256332377518937,17111358.55,483230,17.513959462732455
1473,27.051202620675607,16328239.8,793153,15.296691382542488
1881,29.256332377518937,17115458.55,614032,17.4950314528012
1490,27.11350650401176,16361814.8,848314,15.483706996941574
1825,29.02230301855948,17007952.3,642134,17.24918594932463
499,24.03485322821861,13259614.8,168305,12.393948668094945
1567,27.550895071449265,16558814.8,822011,15.757973779470328
1486,27.11350650401176,16353527.3,818388,15.3267591124156
1728,28.43302270140057,16822077.3,900248,16.791152490336415
718,24.612565645596643,14221914.8,270849,12.919088398760874
1760,28.73296119468933,16884302.3,704058,16.891771119124936
2004,29.60232049898868,17328308.54,691997,17.74850801579408
1940,29.48575538431799,17227021.04,569277,17.672540487773475
1056,25.829211310846997,15345964.8,464583,14.019109921415955
983,25.367656736087785,15063764.8,450627,13.61835541396985
314,22.06239620819593,12502589.8,190771,10.36930589473645
1942,29.537596259585182,17239946.04,548608,17.625404397075126
647,24.443471314705103,13760764.8,195640,12.773911498630683
1492,27.11350650401176,16365989.8,838148,15.432119628073428
1803,28.886637153406323,16966114.8,404622,17.151289331770574
1188,26.08455800265584,15817227.3,515927,14.30025116875024
786,24.62911756626158,14369564.8,291304,12.664093537367403
469,23.705388211609577,13136914.8,197212,12.024132355844678
687,24.5824692248219,14011639.8,270074,12.7141748224793
1675,27.93112570837889,16663439.8,1116245,16.32133393561311
973,25.26067814705501,15025839.8,405574,13.596915448786008
1431,26.937873935368604,16249389.8,639653,15.002893159564586
1807,28.886637153406323,16973939.8,617410,17.106837569102684
653,24.51775263539847,13833514.8,308752,12.642340765348932
1257,26.280093898645948,15972227.3,509901,14.536369048795205
156,18.818242702953476,11793489.8,77846,7.353046543848686
357,22.6661489305172,12684339.8,155849,10.839527224382971
1022,25.69307913652241,15222814.8,539728,13.818475604864954
746,24.599223152039183,14169214.8,259127,12.947386866872778
48,16.777647695134004,11305389.8,63562,4.788907139801595
566,24.403898729498135,13563864.8,208703,12.59576853448433
1741,28.586532560955984,16848139.8,903367,16.991016970563717
980,25.367656736087785,15051989.8,379421,13.462106097587762
1464,26.98093342482905,16310814.8,851802,15.287794297135743
387,22.90406924509412,12807814.8,176279,11.37732473388384
1097,25.910651642787165,15448689.8,483655,14.147937752996112
1906,29.275826172199935,17134246.05,651803,17.4954678986333
1982,29.62708104866933,17364796.04,642395,17.821241781286126
1670,27.93112570837889,16652827.3,936230,16.14228570411612
1946,29.537596259585182,17248071.04,669404,17.654603551816788
513,24.26889326072231,13317714.8,181076,12.303869231662771
1871,29.22838644712838,17095383.55,629466,17.44191275494226
725,24.586320517129383,14092889.8,275649,12.773212530322697
774,24.617614839839558,14229314.8,290745,12.822698567455488
115,17.842945743858063,11601864.8,64388,6.147161481296142
1031,25.817016037753174,15310564.8,474690,14.013608786833304
1951,29.537596259585182,17257421.04,613352,17.689942918268073
1061,25.829211310846997,15364364.8,425281,14.04560153671897
176,19.405494234961303,11896114.8,112119,7.930774193910545
583,24.41233203039847,13578189.8,224191,12.572011480072897
1656,27.93850581567651,16676002.3,598625,15.5067244129368
814,24.6565877282272,14420489.8,273643,12.89323092914378
635,24.50681121919731,13819339.8,261817,12.53394401299008
1345,26.48531721972659,16084902.3,651157,14.608924993522937
893,24.831073102910143,14712214.8,294439,13.024654104195433
1471,27.051202620675607,16324339.8,703578,15.139371127847843
1549,27.480198226193966,16475214.8,681262,15.674037315594417
1010,25.51075757972846,15172964.8,505481,13.886937937895924
266,21.305228324763863,12298464.8,152993,9.735198104398354
264,21.305228324763863,12289514.8,179147,9.635668508824295
1468,26.98093342482905,16318864.8,889537,15.356787168561524
254,21.072852696159597,12244339.8,127459,9.564066100952632
1205,26.10316319048687,15822377.3,528979,14.324790339932258
931,24.910618767897788,14855564.8,413132,13.035206897596884
960,25.094008811140604,14973389.8,457030,13.34585872059252
180,19.7840359724619,11915389.8,86598,8.023227485106062
1524,27.287121363478537,16398814.8,668469,15.605385090815425
1571,27.550895071449265,16566427.3,713770,15.7513730954048
1832,29.02230301855948,17020889.8,660191,17.216396126684494
334,22.334074926687094,12586914.8,170348,10.704406439770052
1095,25.910651642787165,15440889.8,440383,14.075298569817887
1425,26.88868369117783,16238689.8,588054,15.182997677702016
1710,28.28854111884534,16784277.3,1068678,16.43492011954918
415,23.32317983038614,12922739.8,155279,11.74787255245573
971,25.26067814705501,15017739.8,411519,13.525028219224
1053,25.829211310846997,15335139.8,423218,13.920438394029784
1970,29.598133472634466,17291946.04,562522,17.824872529998174
1793,28.87228970499818,16946702.3,565348,17.079850458267785
1058,25.829211310846997,15353364.8,428038,14.03244345261498
206,20.228121089582736,12029264.8,150896,8.498663131993979
1412,26.85666387994306,16213852.3,691402,15.015842896528593
272,21.508922857288727,12323739.8,158237,9.803856352957792
1424,26.88868369117783,16236614.8,616232,14.961359017630434
1828,29.02230301855948,17013564.8,663171,17.223040669166885
830,24.687878302147706,14478864.8,268041,12.776098787770392
1612,27.726331295732876,16594864.8,743932,16.042262705446987
914,24.85448834534531,14790414.8,392575,13.106338254673412
1707,28.28854111884534,16778427.3,1142472,16.613739045932512
383,22.90406924509412,12790589.8,185466,11.263164684866997
454,23.65373621088103,13076789.8,166273,12.00146789196592
1187,26.08455800265584,15815314.8,492077,14.30676585482626
1020,25.69307913652241,15215489.8,498274,13.874045456181449
501,24.118771488869186,13268089.8,238613,12.29892946968075
157,18.818242702953476,11798964.8,65740,7.549957962738634
904,24.832233384925196,14752389.8,344306,13.071424897536346
1265,26.280093898645948,15985577.3,550541,14.28950897304246
934,24.910618767897788,14867489.8,374521,13.275348025394903
1557,27.480198226193966,16490764.8,658939,15.83955175404028
424,23.45952012249172,12963339.8,173588,11.557002455757672
1453,26.979015878699776,16290314.8,644281,15.192032356264324
114,17.743610416446685,11597289.8,81888,6.410063524779344
1070,25.841259649363167,15398189.8,460775,14.02726212472582
1717,28.28854111884534,16799239.8,1152568,16.653859039311257
1528,27.287121363478537,16406214.8,737763,15.466798927549585
1744,28.68533314570008,16853664.8,746349,16.74510350444096
993,25.45065365565875,15101689.8,419190,13.640676160152411
1081,25.910651642787165,15491039.8,409222,14.054643199767984
1782,28.84889682542348,16926827.3,534906,17.073249774461715
78,17.07985200511729,11431839.8,63178,5.392696427541209
1083,25.910651642787165,15498339.8,478493,13.997073347800708
678,24.5824692248219,13980089.8,249715,12.877402720414182
1475,27.051202620675607,16332414.8,825608,15.369894786600556
498,24.03485322821861,13255764.8,173981,12.299203300531316
1451,26.979015878699776,16286589.8,791946,15.279588247281083
211,20.228121089582736,12050614.8,202035,8.78042007602766
380,22.90406924509412,12777764.8,155429,11.291021639378426
197,20.051742639692595,11991289.8,133437,8.3645870619567
1534,27.287121363478537,16418802.3,680465,15.52583245908369
784,24.62911756626158,14361914.8,268106,12.887237088744868
563,24.4021875330426,13552664.8,178182,12.59576853448433
1396,26.812310712393256,16183902.3,745056,15.112751019655962
1687,28.09475513216069,16739314.8,1261348,16.50401145932017
593,24.41233203039847,13613889.8,243581,12.625715659124085
1487,27.11350650401176,16355627.3,892643,15.420285170497342
